-- phpMyAdmin SQL Dump
-- version 5.1.3
-- https://www.phpmyadmin.net/
--
-- Host: 127.0.0.1
-- Generation Time: Jun 25, 2022 at 04:52 AM
-- Server version: 10.4.24-MariaDB
-- PHP Version: 7.4.29

SET SQL_MODE = "NO_AUTO_VALUE_ON_ZERO";
START TRANSACTION;
SET time_zone = "+00:00";


/*!40101 SET @OLD_CHARACTER_SET_CLIENT=@@CHARACTER_SET_CLIENT */;
/*!40101 SET @OLD_CHARACTER_SET_RESULTS=@@CHARACTER_SET_RESULTS */;
/*!40101 SET @OLD_COLLATION_CONNECTION=@@COLLATION_CONNECTION */;
/*!40101 SET NAMES utf8mb4 */;

--
-- Database: `sistem_inventory`
--

-- --------------------------------------------------------

--
-- Table structure for table `colors`
--

CREATE TABLE `colors` (
  `id` int(11) NOT NULL,
  `color` varchar(20) NOT NULL
) ENGINE=InnoDB DEFAULT CHARSET=utf8mb4;

--
-- Dumping data for table `colors`
--

INSERT INTO `colors` (`id`, `color`) VALUES
(23, 'ABSTRAK'),
(24, 'ABU'),
(12, 'ARMY'),
(2, 'BATA'),
(10, 'BEIGE'),
(25, 'COKLAT'),
(3, 'COKSU'),
(26, 'DENIM'),
(4, 'DUSTY'),
(9, 'HITAM'),
(13, 'KUBUS'),
(5, 'MAROON'),
(8, 'MINT'),
(6, 'NAVY'),
(1, 'OCEAN'),
(11, 'PINK'),
(29, 'PUTIH'),
(7, 'SALMON');

-- --------------------------------------------------------

--
-- Table structure for table `gudang`
--

CREATE TABLE `gudang` (
  `id` int(11) NOT NULL,
  `gudang` varchar(50) NOT NULL
) ENGINE=InnoDB DEFAULT CHARSET=utf8mb4;

--
-- Dumping data for table `gudang`
--

INSERT INTO `gudang` (`id`, `gudang`) VALUES
(1, 'GESIT'),
(2, 'LOVISH');

-- --------------------------------------------------------

--
-- Table structure for table `jahit_vendors`
--

CREATE TABLE `jahit_vendors` (
  `id` int(11) NOT NULL,
  `vendor` varchar(50) NOT NULL
) ENGINE=InnoDB DEFAULT CHARSET=utf8mb4;

--
-- Dumping data for table `jahit_vendors`
--

INSERT INTO `jahit_vendors` (`id`, `vendor`) VALUES
(1, 'NANA NURMUBIN'),
(2, 'YADI IRAWAN'),
(3, 'IDPAN NURULLOH'),
(4, 'BAMBANG HERU IRAWAN'),
(5, 'ARI SUTRISNA'),
(6, 'WIDAWATI'),
(7, 'MOCH. ALDI AL GHIFFARI'),
(8, 'DESI MEI MEMORY');

-- --------------------------------------------------------

--
-- Table structure for table `logs`
--

CREATE TABLE `logs` (
  `id` int(11) NOT NULL,
  `description` text NOT NULL,
  `user_id` int(11) NOT NULL,
  `created_at` timestamp NOT NULL DEFAULT current_timestamp()
) ENGINE=InnoDB DEFAULT CHARSET=utf8mb4;

--
-- Dumping data for table `logs`
--

INSERT INTO `logs` (`id`, `description`, `user_id`, `created_at`) VALUES
(25, 'Menambahkan produk baru (TUNIK DIRA PUTIH)', 1, '2022-06-20 13:45:06'),
(26, 'Menghapus data produk (TUNIK DIRA PUTIH)', 1, '2022-06-22 14:21:33'),
(27, 'Menambahkan produk baru (DRESS AMARA PUTIH)', 11, '2022-06-23 03:53:17'),
(28, 'Menambahkan produk baru (DRESS AMARA PUTIH)', 11, '2022-06-23 03:53:29'),
(29, 'Menambahkan produk baru (DRESS AMARA PUTIH)', 11, '2022-06-24 08:06:02');

-- --------------------------------------------------------

--
-- Table structure for table `materials`
--

CREATE TABLE `materials` (
  `id` int(11) NOT NULL,
  `material_id` int(11) NOT NULL,
  `color_id` int(11) DEFAULT NULL,
  `weight` float NOT NULL,
  `qrcode` text DEFAULT NULL,
  `status` int(11) NOT NULL DEFAULT 1,
  `user_id` int(11) NOT NULL,
  `gudang_id` int(11) NOT NULL DEFAULT 1,
  `created_at` timestamp NOT NULL DEFAULT current_timestamp(),
  `updated_at` timestamp NOT NULL DEFAULT current_timestamp()
) ENGINE=InnoDB DEFAULT CHARSET=utf8;

--
-- Dumping data for table `materials`
--

INSERT INTO `materials` (`id`, `material_id`, `color_id`, `weight`, `qrcode`, `status`, `user_id`, `gudang_id`, `created_at`, `updated_at`) VALUES
(1, 1, 1, 25000, 'data:image/png;base64,iVBORw0KGgoAAAANSUhEUgAAAUAAAAFACAIAAABC8jL9AAAACXBIWXMAAA7EAAAOxAGVKw4bAAAFFklEQVR4nO3dQYobQRBFQcv4/lceL70ZcNp0kbzqiPWgUUt61OpTn6+vrx9A08/tNwD8PwFDmIAhTMAQJmAIEzCECRjCBAxhAoYwAUOYgCFMwBD2a/h3n8/n6Pu4w+4yZP4dzd/n7mu+2fDzdAJDmIAhTMAQJmAIEzCECRjCBAxhAoYwAUOYgCFMwBAmYAgTMIRN10hz993VcmI9c2Llc5/7nv3x35ITGMIEDGEChjABQ5iAIUzAECZgCBMwhAkYwgQMYQKGMAFDmIAh7Pk10tzuHTn3LV3m7ttCvfa35ASGMAFDmIAhTMAQJmAIEzCECRjCBAxhAoYwAUOYgCFMwBAmYAjbXCO92Yn9yonXvG+3dBknMIQJGMIEDGEChjABQ5iAIUzAECZgCBMwhAkYwgQMYQKGMAFDmDXSjt27fLiGExjCBAxhAoYwAUOYgCFMwBAmYAgTMIQJGMIEDGEChjABQ5iAIWxzjeQ2nS33ffL3PdGQExjCBAxhAoYwAUOYgCFMwBAmYAgTMIQJGMIEDGEChjABQ5iAIez5NZJbf54139mc+OTnr3liD+S39FdOYAgTMIQJGMIEDGEChjABQ5iAIUzAECZgCBMwhAkYwgQMYQKGsM9rL5XZtbvy4RpOYAgTMIQJGMIEDGEChjABQ5iAIUzAECZgCBMwhAkYwgQMYQKGsOndSCduqTlx60/lhp7K+5zbvcNpbvd9Pv69O4EhTMAQJmAIEzCECRjCBAxhAoYwAUOYgCFMwBAmYAgTMIQJGMI270aqrFLmTqymKq85d99/X9wtOYEhTMAQJmAIEzCECRjCBAxhAoYwAUOYgCFMwBAmYAgTMIQJGMKmdyOdUFnkzO3+99111+4TLY7q/um/P/4pOYEhTMAQJmAIEzCECRjCBAxhAoYwAUOYgCFMwBAmYAgTMIQJGMKma6TdpcuuysLphDd/74ktlBMYwgQMYQKGMAFDmIAhTMAQJmAIEzCECRjCBAxhAoYwAUOYgCHs+buRTiwzKrf+nNgt7T777rdZ2YEtfkdOYAgTMIQJGMIEDGEChjABQ5iAIUzAECZgCBMwhAkYwgQMYQKGsM/u1TuvtbvIuW8xdkIiDScwhAkYwgQMYQKGMAFDmIAhTMAQJmAIEzCECRjCBAxhAoYwAUPY9G6k+7YmJ+zuV+67Sei+1dTjz+4EhjABQ5iAIUzAECZgCBMwhAkYwgQMYQKGMAFDmIAhTMAQJmAIm96NtLsg2VV59vveZ8Xi5+kEhjABQ5iAIUzAECZgCBMwhAkYwgQMYQKGMAFDmIAhTMAQJmAIm96NdMLuKuW+1dQJb/6OTjy7u5GAPwQMYQKGMAFDmIAhTMAQJmAIEzCECRjCBAxhAoYwAUOYgCFsc430ZpX7geZ7oN3tzgm7zz7kBIYwAUOYgCFMwBAmYAgTMIQJGMIEDGEChjABQ5iAIUzAECZgCLNG2nFi6bL7midUnmhxt+QEhjABQ5iAIUzAECZgCBMwhAkYwgQMYQKGMAFDmIAhTMAQJmAI21wj7S5ddu1ujOZ2Vz5vXmINOYEhTMAQJmAIEzCECRjCBAxhAoYwAUOYgCFMwBAmYAgTMIQJGMKeXyOd2MS82YnPs7Ic2l1infD4J+8EhjABQ5iAIUzAECZgCBMwhAkYwgQMYQKGMAFDmIAhTMAQJmAI+yQugAG+5QSGMAFDmIAhTMAQJmAIEzCECRjCBAxhAoYwAUOYgCFMwBD2G5qY+5dTXgNPAAAAAElFTkSuQmCC', 1, 1, 1, '2022-06-09 01:19:22', '2022-06-09 01:19:22'),
(2, 1, 1, 25000, 'data:image/png;base64,iVBORw0KGgoAAAANSUhEUgAAAUAAAAFACAIAAABC8jL9AAAACXBIWXMAAA7EAAAOxAGVKw4bAAAFFUlEQVR4nO3dQW4bMRQFwUyQ+1/ZWWYTQHQwxE+TVWvDkkZqcPXA5+vr6wfQ9HP6DQD/TsAQJmAIEzCECRjCBAxhAoYwAUOYgCFMwBAmYAgTMIT9Wvy753m2vo8zrC9DdjzPHbuU9fc5+9nPs/g8ncAQJmAIEzCECRjCBAxhAoYwAUOYgCFMwBAmYAgTMIQJGMIEDGGra6R1593VMrscunm747f0kRMYwgQMYQKGMAFDmIAhTMAQJmAIEzCECRjCBAxhAoYwAUOYgCHs/TXSutmdzezSZfbOISufdw0+TycwhAkYwgQMYQKGMAFDmIAhTMAQJmAIEzCECRjCBAxhAoYwAUPY5BqJd9ktXcgJDGEChjABQ5iAIUzAECZgCBMwhAkYwgQMYQKGMAFDmIAhTMAQZo30v9tx64+N0TGcwBAmYAgTMIQJGMIEDGEChjABQ5iAIUzAECZgCBMwhAkYwgQMYZNrpJs3MTd/9h2ufZ5OYAgTMIQJGMIEDGEChjABQ5iAIUzAECZgCBMwhAkYwgQMYQKGsPfXSDvu8jnP+lNa39lU/uc6v6WPnMAQJmAIEzCECRjCBAxhAoYwAUOYgCFMwBAmYAgTMIQJGMIEDGHPtZfKVOxY5PjSj+EEhjABQ5iAIUzAECZgCBMwhAkYwgQMYQKGMAFDmIAhTMAQJmAIW70bqXJLzewNPZV7jHa4+Ralwe/dCQxhAoYwAUOYgCFMwBAmYAgTMIQJGMIEDGEChjABQ5iAIUzAELa6RqrYsYm5+SahHSufyne0/j4Ht1BOYAgTMIQJGMIEDGEChjABQ5iAIUzAECZgCBMwhAkYwgQMYQKGsPfXSJWbbyq3Pc3eObRux/1AN3/2RU5gCBMwhAkYwgQMYQKGMAFDmIAhTMAQJmAIEzCECRjCBAxhAoaw99dIO1Y+O9YelRuPrKbeffUdBj+7ExjCBAxhAoYwAUOYgCFMwBAmYAgTMIQJGMIEDGEChjABQ5iAIWx1jXTegmTdjq3JteuZb5l98rO/+cVXdwJDmIAhTMAQJmAIEzCECRjCBAxhAoYwAUOYgCFMwBAmYAgTMIS9fzfSuh1rj8r/nJXY2XzrL6/lBIYwAUOYgCFMwBAmYAgTMIQJGMIEDGEChjABQ5iAIUzAECZgCHsWBx+Ve4xmnXeT0I5XX1d5nju4GwnOJ2AIEzCECRjCBAxhAoYwAUOYgCFMwBAmYAgTMIQJGMIEDGHv34103n02s6uUHRujyrZsduG043m+XocTGMIEDGEChjABQ5iAIUzAECZgCBMwhAkYwgQMYQKGMAFDmIAh7P010rrE3TPjZjdGs7coefWPnMAQJmAIEzCECRjCBAxhAoYwAUOYgCFMwBAmYAgTMIQJGMIEDGGTa6Sb7djEzO6rZlc+Fe5GAv4QMIQJGMIEDGEChjABQ5iAIUzAECZgCBMwhAkYwgQMYQKGMGukc1TuRlpX2WwNPiUnMIQJGMIEDGEChjABQ5iAIUzAECZgCBMwhAkYwgQMYQKGMAFD2OQa6eY7ctbt2BjtePX1b3P2f65L/D6dwBAmYAgTMIQJGMIEDGEChjABQ5iAIUzAECZgCBMwhAkYwgQMYe+vkWbXM+eZXeTsMLvyOWzh5ASGMAFDmIAhTMAQJmAIEzCECRjCBAxhAoYwAUOYgCFMwBAmYAh7EhfAAH/lBIYwAUOYgCFMwBAmYAgTMIQJGMIEDGEChjABQ5iAIUzAEPYb7MoHkVbTth8AAAAASUVORK5CYII=', 1, 1, 1, '2022-06-09 02:19:22', '2022-06-09 02:19:22'),
(3, 1, 26, 25000, 'data:image/png;base64,iVBORw0KGgoAAAANSUhEUgAAAUAAAAFACAIAAABC8jL9AAAACXBIWXMAAA7EAAAOxAGVKw4bAAAFAElEQVR4nO3dMW4cMRQFQY/h+19ZDh2Kawzx1WRVLEg7o20weuDz9fX1C2j6Pf0BgP8nYAgTMIQJGMIEDGEChjABQ5iAIUzAECZgCBMwhAkYwv4s/tzzPFs/xxnWlyE73ueOXcr655x99vMsvk8nMIQJGMIEDGEChjABQ5iAIUzAECZgCBMwhAkYwgQMYQKGMAFD2Ooaad15d7XMLodu3u74Ln3LCQxhAoYwAUOYgCFMwBAmYAgTMIQJGMIEDGEChjABQ5iAIUzAEPb+Gmnd7M5mdukye+eQlc+7Bt+nExjCBAxhAoYwAUOYgCFMwBAmYAgTMIQJGMIEDGEChjABQ5iAIWxyjcS77JYu5ASGMAFDmIAhTMAQJmAIEzCECRjCBAxhAoYwAUOYgCFMwBAmYAizRvrpdtz6Y2N0DCcwhAkYwgQMYQKGMAFDmIAhTMAQJmAIEzCECRjCBAxhAoYwAUPY5Brp5k3Mzc++w7Xv0wkMYQKGMAFDmIAhTMAQJmAIEzCECRjCBAxhAoYwAUOYgCFMwBD2/hppx10+51l/S+s7m8rvXOe79C0nMIQJGMIEDGEChjABQ5iAIUzAECZgCBMwhAkYwgQMYQKGMAFD2HPtpTIVOxY5/unHcAJDmIAhTMAQJmAIEzCECRjCBAxhAoYwAUOYgCFMwBAmYAgTMISt3o1UuaVm9oaeyj1GO9x8i9Lg/90JDGEChjABQ5iAIUzAECZgCBMwhAkYwgQMYQKGMAFDmIAhTMAQtno30uwNPedtTWZVVlOzdzglPqcTGMIEDGEChjABQ5iAIUzAECZgCBMwhAkYwgQMYQKGMAFDmIAhbPVupB0qS5fKxug8iT3QR9yNBPwjYAgTMIQJGMIEDGEChjABQ5iAIUzAECZgCBMwhAkYwgQMYatrpB1rj8rKxw09K2Z3YJXv0uucwBAmYAgTMIQJGMIEDGEChjABQ5iAIUzAECZgCBMwhAkYwgQMYatrpNlNTOXGo/PucJpdON387IucwBAmYAgTMIQJGMIEDGEChjABQ5iAIUzAECZgCBMwhAkYwgQMYZN3I1WWLrMqO5vZfdXsbmmQExjCBAxhAoYwAUOYgCFMwBAmYAgTMIQJGMIEDGEChjABQ5iAIez9u5Futr6JmV3kzLJbepETGMIEDGEChjABQ5iAIUzAECZgCBMwhAkYwgQMYQKGMAFDmIAh7FkcZ5y3iVl33rMndjYfmX3zg98QJzCECRjCBAxhAoYwAUOYgCFMwBAmYAgTMIQJGMIEDGEChjABQ9jq3Ug7zG5iLIdW7HhLO55ox++cffbFv+4EhjABQ5iAIUzAECZgCBMwhAkYwgQMYQKGMAFDmIAhTMAQJmAIm1wj3WzHbTqzdzhVnuiwdZcTGMIEDGEChjABQ5iAIUzAECZgCBMwhAkYwgQMYQKGMAFDmIAhzBrpp5u9Sei8G6R2PNHgW3ICQ5iAIUzAECZgCBMwhAkYwgQMYQKGMAFDmIAhTMAQJmAIEzCETa6RKkuXWbO3/px349FhSywnMIQJGMIEDGEChjABQ5iAIUzAECZgCBMwhAkYwgQMYQKGMAFD2PtrpB2bGE6SWPl8ZHDh5ASGMAFDmIAhTMAQJmAIEzCECRjCBAxhAoYwAUOYgCFMwBAmYAh7zpuGwD2cwBAmYAgTMIQJGMIEDGEChjABQ5iAIUzAECZgCBMwhAkYwv4C62cHnZGW8ksAAAAASUVORK5CYII=', 1, 1, 1, '2022-06-09 03:19:22', '2022-06-09 03:19:22'),
(4, 18, 24, 22000, 'data:image/png;base64,iVBORw0KGgoAAAANSUhEUgAAAUAAAAFACAIAAABC8jL9AAAACXBIWXMAAA7EAAAOxAGVKw4bAAAFFklEQVR4nO3dQW7bQBBFwSjw/a/sHCHtgIPOG1atDUmk+TCrD36+v79/AU2/t38A8O8EDGEChjABQ5iAIUzAECZgCBMwhAkYwgQMYQKGMAFD2Nfw7z6fz9HfcYcTy5DKnZ9fe+WKdg3vpxMYwgQMYQKGMAFDmIAhTMAQJmAIEzCECRjCBAxhAoYwAUOYgCFsukaau+9dLZX1zIk90O5/07P0V05gCBMwhAkYwgQMYQKGMAFDmIAhTMAQJmAIEzCECRjCBAxhAoaw59dIc7srn/uWLnP3XftrnyUnMIQJGMIEDGEChjABQ5iAIUzAECZgCBMwhAkYwgQMYQKGMAFD2OYa6c1OrGdOfOZ9u6XLOIEhTMAQJmAIEzCECRjCBAxhAoYwAUOYgCFMwBAmYAgTMIQJGMKskf538z3Q7sLJbmmFExjCBAxhAoYwAUOYgCFMwBAmYAgTMIQJGMIEDGEChjABQ5iAIWxzjfTm/crute8unE547bPkBIYwAUOYgCFMwBAmYAgTMIQJGMIEDGEChjABQ5iAIUzAECZgCHt+jVTZr+zyzqEJz9JfOYEhTMAQJmAIEzCECRjCBAxhAoYwAUOYgCFMwBAmYAgTMIQJGMI+bx67JFQWOR6kFU5gCBMwhAkYwgQMYQKGMAFDmIAhTMAQJmAIEzCECRjCBAxhAoaw6buRTmxidvcruyufE9d+4jMrW6j7ns8hJzCECRjCBAxhAoYwAUOYgCFMwBAmYAgTMIQJGMIEDGEChjABQ9jmu5FeuyA5ZH4/53fpxGfO7T4hib2aExjCBAxhAoYwAUOYgCFMwBAmYAgTMIQJGMIEDGEChjABQ5iAIez5NVLlbTq77tvuVOxutuaskeB+AoYwAUOYgCFMwBAmYAgTMIQJGMIEDGEChjABQ5iAIUzAEPY1/Ls3vyNnbv47T9zPNy+HKh7/HzmBIUzAECZgCBMwhAkYwgQMYQKGMAFDmIAhTMAQJmAIEzCECRjCnn830g++e/UtNYk33/zo23fXSJXl0GWbLScwhAkYwgQMYQKGMAFDmIAhTMAQJmAIEzCECRjCBAxhAoYwAUPY5hrpzSqrqV2VFdpiRE5gCBMwhAkYwgQMYQKGMAFDmIAhTMAQJmAIEzCECRjCBAxhAoawr+Hf3bd0OaEy7aqsfHb3QCc+8/ErcgJDmIAhTMAQJmAIEzCECRjCBAxhAoYwAUOYgCFMwBAmYAgTMIRN10hzlUXO3H1LrBNX9Obd0uIT4gSGMAFDmIAhTMAQJmAIEzCECRjCBAxhAoYwAUOYgCFMwBAmYAh7fo00t7vy2V1NnVjk7H777tuJdvdVc4/fJScwhAkYwgQMYQKGMAFDmIAhTMAQJmAIEzCECRjCBAxhAoYwAUPY5hqJZ3kr1dZnLt55JzCECRjCBAxhAoYwAUOYgCFMwBAmYAgTMIQJGMIEDGEChjABQ5g10j1OvMfoxM7mxO+svEHq8W93AkOYgCFMwBAmYAgTMIQJGMIEDGEChjABQ5iAIUzAECZgCBMwhG2uke57l89cZZFzwon/+2tXU05gCBMwhAkYwgQMYQKGMAFDmIAhTMAQJmAIEzCECRjCBAxhAoaw59dIlU1MxYn7ubuzuW9fNff4asoJDGEChjABQ5iAIUzAECZgCBMwhAkYwgQMYQKGMAFDmIAhTMAQ9nnzC4qgzgkMYQKGMAFDmIAhTMAQJmAIEzCECRjCBAxhAoYwAUOYgCHsD0eI+4IfmdqQAAAAAElFTkSuQmCC', 1, 1, 1, '2022-06-09 05:19:22', '2022-06-09 05:19:22'),
(10, 14, 29, 40000, 'data:image/png;base64,iVBORw0KGgoAAAANSUhEUgAAAUAAAAFACAIAAABC8jL9AAAACXBIWXMAAA7EAAAOxAGVKw4bAAAFEklEQVR4nO3dQW7cSBBFQdPQ/a8sH0HVBhOpR0asB20OxYdafdT1/f39B2j6u/0AwP8TMIQJGMIEDGEChjABQ5iAIUzAECZgCBMwhAkYwgQMYV+H/911XaPP8Qzny5Dz9znxmxMqz1lx+D6dwBAmYAgTMIQJGMIEDGEChjABQ5iAIUzAECZgCBMwhAkYwgQMYadrpHPPu6tlYj1TeUu7z1l5S+du/5acwBAmYAgTMIQJGMIEDGEChjABQ5iAIUzAECZgCBMwhAkYwgQMYfevkc5V7vKZsLtwet7tRK/9lpzAECZgCBMwhAkYwgQMYQKGMAFDmIAhTMAQJmAIEzCECRjCBAxhm2sktkzslp53j1GCExjCBAxhAoYwAUOYgCFMwBAmYAgTMIQJGMIEDGEChjABQ5iAIcwa6bebWPnYGD2GExjCBAxhAoYwAUOYgCFMwBAmYAgTMIQJGMIEDGEChjABQ5iAIWxzjfTmpcvE7UQTKrul135LTmAIEzCECRjCBAxhAoYwAUOYgCFMwBAmYAgTMIQJGMIEDGEChrD710i765mKiZXP7m9O8C39yAkMYQKGMAFDmIAhTMAQJmAIEzCECRjCBAxhAoYwAUOYgCFMwBB2vfZSmTebWPn4kFY4gSFMwBAmYAgTMIQJGMIEDGEChjABQ5iAIUzAECZgCBMwhAkYwk7XSJVbaiY2Mc+7c2jX7t9owuL9VU5gCBMwhAkYwgQMYQKGMAFDmIAhTMAQJmAIEzCECRjCBAxhAoawr9t/sXJHzsTGaMLztjvnXrsxOucEhjABQ5iAIUzAECZgCBMwhAkYwgQMYQKGMAFDmIAhTMAQJmAIO10jVW79OX/OxNbko399wvP+7ufPmdhsOYEhTMAQJmAIEzCECRjCBAxhAoYwAUOYgCFMwBAmYAgTMIQJGMKuxYt/KrcTnZvYr+wunHbfvB3Yj5zAECZgCBMwhAkYwgQMYQKGMAFDmIAhTMAQJmAIEzCECRjCBAxhp3cjnUvcKPORiU3M7g09u/dCVb6QxAbOCQxhAoYwAUOYgCFMwBAmYAgTMIQJGMIEDGEChjABQ5iAIUzAEHb/Gimx4fhI5f9od2M0YXfhlLiVygkMYQKGMAFDmIAhTMAQJmAIEzCECRjCBAxhAoYwAUOYgCFMwBB2HY4eKvfZ7Nrdr1TYGN3ICQxhAoYwAUOYgCFMwBAmYAgTMIQJGMIEDGEChjABQ5iAIUzAEOZupJ/t7oGed+PRucq6a/Fv5ASGMAFDmIAhTMAQJmAIEzCECRjCBAxhAoYwAUOYgCFMwBAmYAi7f410rrLyebOJhdPuHmjiORe/ZCcwhAkYwgQMYQKGMAFDmIAhTMAQJmAIEzCECRjCBAxhAoYwAUPY5hrpzXaXWM+7Rani9vfpBIYwAUOYgCFMwBAmYAgTMIQJGMIEDGEChjABQ5iAIUzAECZgCLNG+u0m7vLZ/c1zE7+5ezPT7ZzAECZgCBMwhAkYwgQMYQKGMAFDmIAhTMAQJmAIEzCECRjCBAxhm2sk9+7ca3cPtLtbetjG6JwTGMIEDGEChjABQ5iAIUzAECZgCBMwhAkYwgQMYQKGMAFDmIAh7P410sQu5M1eu7P5yMRqKvHmncAQJmAIEzCECRjCBAxhAoYwAUOYgCFMwBAmYAgTMIQJGMIEDGHX84Yp8B5OYAgTMIQJGMIEDGEChjABQ5iAIUzAECZgCBMwhAkYwgQMYf8ArjYNfLY5BFIAAAAASUVORK5CYII=', 1, 6, 2, '2022-06-22 09:12:09', '2022-06-22 09:12:09'),
(11, 3, 12, 23000, 'data:image/png;base64,iVBORw0KGgoAAAANSUhEUgAAAUAAAAFACAIAAABC8jL9AAAACXBIWXMAAA7EAAAOxAGVKw4bAAAE/0lEQVR4nO3dQU7rQBBFUfzF/rfMXwIFaqu49jljlMQhVz166uvr6+sDaPq3/QGA3xMwhAkYwgQMYQKGMAFDmIAhTMAQJmAIEzCECRjCBAxhn8O/u67r1s/xDPNlyPO+zzc/+x2G36cTGMIEDGEChjABQ5iAIUzAECZgCBMwhAkYwgQMYQKGMAFDmIAhbLpGmnveXS2V9czz9kB+S99yAkOYgCFMwBAmYAgTMIQJGMIEDGEChjABQ5iAIUzAECZgCBMwhJ1fI83tbmJ2ly53LIfu+D4re6DX/pacwBAmYAgTMIQJGMIEDGEChjABQ5iAIUzAECZgCBMwhAkYwgQMYZtrJM7aXThVdksP4wSGMAFDmIAhTMAQJmAIEzCECRjCBAxhAoYwAUOYgCFMwBAmYAizRtqxu/K5Y7fECicwhAkYwgQMYQKGMAFDmIAhTMAQJmAIEzCECRjCBAxhAoYwAUPY5hrJbTpn3bFwqvyPKp/zOCcwhAkYwgQMYQKGMAFDmIAhTMAQJmAIEzCECRjCBAxhAoYwAUPY+TWS23SeZPcOJ7+lbzmBIUzAECZgCBMwhAkYwgQMYQKGMAFDmIAhTMAQJmAIEzCECRjCrtdeKrOrsrPx8/jjnMAQJmAIEzCECRjCBAxhAoYwAUOYgCFMwBAmYAgTMIQJGMIEDGHTu5F21zOVe3eet92prKbmHvZbcgJDmIAhTMAQJmAIEzCECRjCBAxhAoYwAUOYgCFMwBAmYAgTMIRN10hzlbXH3B1PNH/N+bNXtlC7T7S7Qjv+7k5gCBMwhAkYwgQMYQKGMAFDmIAhTMAQJmAIEzCECRjCBAxhAoawqzJhOc6tP2dVFmMPW3c5gSFMwBAmYAgTMIQJGMIEDGEChjABQ5iAIUzAECZgCBMwhAkYwqZ3I92x4ai85pu5x+iPv6YTGMIEDGEChjABQ5iAIUzAECZgCBMwhAkYwgQMYQKGMAFDmIAhbLpGevN2Z3cTs+uOnY13P8gJDGEChjABQ5iAIUzAECZgCBMwhAkYwgQMYQKGMAFDmIAhTMAQdlVmMQ+ze+/OXGKR89FZdx3nBIYwAUOYgCFMwBAmYAgTMIQJGMIEDGEChjABQ5iAIUzAECZgCJuukXa3JhWVTcybl0O7O7Djz+4EhjABQ5iAIUzAECZgCBMwhAkYwgQMYQKGMAFDmIAhTMAQJmAI+zz+ipVFztwd253de4zueM35Ey1ud34kscBzAkOYgCFMwBAmYAgTMIQJGMIEDGEChjABQ5iAIUzAECZgCBMwhJ1fI829+Yae3ZXPXGKRs27xFiUnMIQJGMIEDGEChjABQ5iAIUzAECZgCBMwhAkYwgQMYQKGMAFD2OYaiYnFpcu6yg1Si+/uBIYwAUOYgCFMwBAmYAgTMIQJGMIEDGEChjABQ5iAIUzAECZgCLNG2vHmO4cqq6nE3V1OYAgTMIQJGMIEDGEChjABQ5iAIUzAECZgCBMwhAkYwgQMYQKGsM01UuWGnl2VRc78c+7e9rR739Lxd3cCQ5iAIUzAECZgCBMwhAkYwgQMYQKGMAFDmIAhTMAQJmAIEzCEnV8jvfnWn127y6G5xJ1DP7L4RE5gCBMwhAkYwgQMYQKGMAFDmIAhTMAQJmAIEzCECRjCBAxhAoawywVF0OUEhjABQ5iAIUzAECZgCBMwhAkYwgQMYQKGMAFDmIAhTMAQ9h8+ifWCVnuZ5wAAAABJRU5ErkJggg==', 1, 6, 1, '2022-06-22 09:12:32', '2022-06-22 09:12:32');

-- --------------------------------------------------------

--
-- Table structure for table `material_types`
--

CREATE TABLE `material_types` (
  `id` int(11) NOT NULL,
  `type` varchar(50) NOT NULL
) ENGINE=InnoDB DEFAULT CHARSET=utf8mb4;

--
-- Dumping data for table `material_types`
--

INSERT INTO `material_types` (`id`, `type`) VALUES
(1, 'BABYTERRY'),
(3, 'SHAKILLA'),
(4, 'SIGARETTE'),
(5, 'TOYOBO TOJIRO'),
(6, 'DONATELA'),
(14, 'RAYON');

-- --------------------------------------------------------

--
-- Table structure for table `models`
--

CREATE TABLE `models` (
  `id` int(11) NOT NULL,
  `model_name` varchar(50) NOT NULL
) ENGINE=InnoDB DEFAULT CHARSET=utf8;

--
-- Dumping data for table `models`
--

INSERT INTO `models` (`id`, `model_name`) VALUES
(1, 'LUNA'),
(2, 'AMARA'),
(16, 'DIRA');

-- --------------------------------------------------------

--
-- Table structure for table `products`
--

CREATE TABLE `products` (
  `id` int(11) NOT NULL,
  `product_id` varchar(20) NOT NULL,
  `color_id` varchar(20) DEFAULT NULL,
  `weight` float DEFAULT NULL,
  `price` int(30) DEFAULT NULL,
  `qty` int(11) NOT NULL DEFAULT 1,
  `status` int(11) NOT NULL DEFAULT 1,
  `qrcode` text DEFAULT NULL,
  `model_id` int(11) NOT NULL,
  `user_id` int(11) NOT NULL,
  `created_at` datetime NOT NULL DEFAULT current_timestamp(),
  `updated_at` datetime NOT NULL DEFAULT current_timestamp()
) ENGINE=InnoDB DEFAULT CHARSET=utf8;

--
-- Dumping data for table `products`
--

INSERT INTO `products` (`id`, `product_id`, `color_id`, `weight`, `price`, `qty`, `status`, `qrcode`, `model_id`, `user_id`, `created_at`, `updated_at`) VALUES
(10, '2', '29', 400, NULL, 1, 1, 'data:image/png;base64,iVBORw0KGgoAAAANSUhEUgAAAUAAAAFACAIAAABC8jL9AAAACXBIWXMAAA7EAAAOxAGVKw4bAAAFDUlEQVR4nO3dQYobQRBFQcvM/a88XnpjcGE6Sb/qiPUgaaR+1OpTn+/v7x9A08/tDwD8OwFDmIAhTMAQJmAIEzCECRjCBAxhAoYwAUOYgCFMwBD2dfh3n89n9HPc4XwZcv59TrzmhMrnrDj8Pp3AECZgCBMwhAkYwgQMYQKGMAFDmIAhTMAQJmAIEzCECRjCBAxhp2ukc/fd1TKxnql8S7ufs/ItnXv8WXICQ5iAIUzAECZgCBMwhAkYwgQMYQKGMAFDmIAhTMAQJmAIEzCEPb9GOle5y2fC7sLpvtuJXvssOYEhTMAQJmAIEzCECRjCBAxhAoYwAUOYgCFMwBAmYAgTMIQJGMI210hsmdgt3XePUYITGMIEDGEChjABQ5iAIUzAECZgCBMwhAkYwgQMYQKGMAFDmIAhzBrpfzex8rExuoYTGMIEDGEChjABQ5iAIUzAECZgCBMwhAkYwgQMYQKGMAFDmIAhbHON9Oaly8TtRBMqu6XXPktOYAgTMIQJGMIEDGEChjABQ5iAIUzAECZgCBMwhAkYwgQMYQKGsOfXSLvrmYqJlc/ua07wLP2VExjCBAxhAoYwAUOYgCFMwBAmYAgTMIQJGMIEDGEChjABQ5iAIezz2ktl3mxi5eNBWuEEhjABQ5iAIUzAECZgCBMwhAkYwgQMYQKGMAFDmIAhTMAQJmAIO10jVW6pmdjE3Hfn0K7d32jC4v1VTmAIEzCECRjCBAxhAoYwAUOYgCFMwBAmYAgTMIQJGMIEDGEChrDNNVJlOTTx7ucqC6fK3Ui727LHvyUnMIQJGMIEDGEChjABQ5iAIUzAECZgCBMwhAkYwgQMYQKGMAFD2OkaaeS9r9vuVBZO5yqLscpdU9ZIwG8ChjABQ5iAIUzAECZgCBMwhAkYwgQMYQKGMAFDmIAhTMAQ9vwaqbI1uW85NGH3xqP7bro6d/gfOYEhTMAQJmAIEzCECRjCBAxhAoYwAUOYgCFMwBAmYAgTMIQJGMJO10iVnU3lNp3dlc+5yu9+buIJWfw1ncAQJmAIEzCECRjCBAxhAoYwAUOYgCFMwBAmYAgTMIQJGMIEDGHP343EiftukKq8+2W3PTmBIUzAECZgCBMwhAkYwgQMYQKGMAFDmIAhTMAQJmAIEzCECRjCbrsbadfE0uW+b/7NG6Nz1khwPwFDmIAhTMAQJmAIEzCECRjCBAxhAoYwAUOYgCFMwBAmYAj7evwV77ts6c17oAm7G6PLfk0nMIQJGMIEDGEChjABQ5iAIUzAECZgCBMwhAkYwgQMYQKGMAFD2PNrpHO7u5D7VlMTJpZDuxujiZuZFjmBIUzAECZgCBMwhAkYwgQMYQKGMAFDmIAhTMAQJmAIEzCECRjCNtdIb7Z7P9C5ynJoYmO0+5qHnMAQJmAIEzCECRjCBAxhAoYwAUOYgCFMwBAmYAgTMIQJGMIEDGHWSPeo3A9UWTidW1yMOYEhTMAQJmAIEzCECRjCBAxhAoYwAUOYgCFMwBAmYAgTMIQJGMI210i7t/5UTOyBdrc7b373xzmBIUzAECZgCBMwhAkYwgQMYQKGMAFDmIAhTMAQJmAIEzCECRjCnl8jTaxneNbuzmbiZqbd/2jxczqBIUzAECZgCBMwhAkYwgQMYQKGMAFDmIAhTMAQJmAIEzCECRjCPokLYIA/cgJDmIAhTMAQJmAIEzCECRjCBAxhAoYwAUOYgCFMwBAmYAj7BQc0E3BrAs1iAAAAAElFTkSuQmCC', 2, 6, '2022-06-22 11:25:51', '2022-06-22 11:25:51'),
(12, '2', '3', 320, NULL, 1, 1, 'data:image/png;base64,iVBORw0KGgoAAAANSUhEUgAAAUAAAAFACAIAAABC8jL9AAAACXBIWXMAAA7EAAAOxAGVKw4bAAAE/0lEQVR4nO3dQY7bMBBFwTjI/a88Wc5yGoGIzhOr1oHlUfzA1Qc/X19fv4Cm39tfAPh3AoYwAUOYgCFMwBAmYAgTMIQJGMIEDGEChjABQ5iAIezP8N99Pp+j3+Md5suQE+/zxC5l/j13//b3Gb5PJzCECRjCBAxhAoYwAUOYgCFMwBAmYAgTMIQJGMIEDGEChjABQ9h0jTT3vrtadpdDN293/JZ+5ASGMAFDmIAhTMAQJmAIEzCECRjCBAxhAoYwAUOYgCFMwBAmYAh7fo00t7uz2V267N45ZOXzrMX36QSGMAFDmIAhTMAQJmAIEzCECRjCBAxhAoYwAUOYgCFMwBAmYAjbXCPxLLulCzmBIUzAECZgCBMwhAkYwgQMYQKGMAFDmIAhTMAQJmAIEzCECRjCrJH+dydu/bExeg0nMIQJGMIEDGEChjABQ5iAIUzAECZgCBMwhAkYwgQMYQKGMAFD2OYa6eZNzM1/+wnXvk8nMIQJGMIEDGEChjABQ5iAIUzAECZgCBMwhAkYwgQMYQKGMAFD2PNrpBN3+bzP/C3NdzaVz5zzW/qRExjCBAxhAoYwAUOYgCFMwBAmYAgTMIQJGMIEDGEChjABQ5iAIexz7aUyFScWOf7TX8MJDGEChjABQ5iAIUzAECZgCBMwhAkYwgQMYQKGMAFDmIAhTMAQNr0bqXJLze4NPZV7jE64+Ralxf93JzCECRjCBAxhAoYwAUOYgCFMwBAmYAgTMIQJGMIEDGEChjABQ9h0jbR7m86JrcnuemZ3tzRXWU1duwNzAkOYgCFMwBAmYAgTMIQJGMIEDGEChjABQ5iAIUzAECZgCBMwhH0en7BU1h6evvX0ucr3nHs8NycwhAkYwgQMYQKGMAFDmIAhTMAQJmAIEzCECRjCBAxhAoYwAUPY9G6kObf+8JT3LbEe/9U5gSFMwBAmYAgTMIQJGMIEDGEChjABQ5iAIUzAECZgCBMwhAkYwqZrpMpy6IT3bYx2l1iVvdrc4tOdwBAmYAgTMIQJGMIEDGEChjABQ5iAIUzAECZgCBMwhAkYwgQMYZ/dGce1dhdOlcXY+36c7kYCvgkYwgQMYQKGMAFDmIAhTMAQJmAIEzCECRjCBAxhAoYwAUPY83cj3Wy+nqnsgU44cTfSiafPLd7h5ASGMAFDmIAhTMAQJmAIEzCECRjCBAxhAoYwAUOYgCFMwBAmYAibrpHmbr7PZvfp71v57P5FJ7gbCfgmYAgTMIQJGMIEDGEChjABQ5iAIUzAECZgCBMwhAkYwgQMYc+vkeZ2FySV1dT7NkZzlY3RIicwhAkYwgQMYQKGMAFDmIAhTMAQJmAIEzCECRjCBAxhAoYwAUPY5hrpZu9bYu1uoeZPP3HX1Nzjn+kEhjABQ5iAIUzAECZgCBMwhAkYwgQMYQKGMAFDmIAhTMAQJmAIs0Z6jxPbnfln7t6idO3TncAQJmAIEzCECRjCBAxhAoYwAUOYgCFMwBAmYAgTMIQJGMIEDGGba6TdBUnF7ls6sVu6+TMf5wSGMAFDmIAhTMAQJmAIEzCECRjCBAxhAoYwAUOYgCFMwBAmYAh7fo0033AwUXmfu3ugXYu7JScwhAkYwgQMYQKGMAFDmIAhTMAQJmAIEzCECRjCBAxhAoYwAUPYxwVF0OUEhjABQ5iAIUzAECZgCBMwhAkYwgQMYQKGMAFDmIAhTMAQ9hf44gqXkea1egAAAABJRU5ErkJggg==', 16, 6, '2022-06-22 16:15:46', '2022-06-22 16:15:46'),
(13, '3', '29', 400, NULL, 1, 1, 'data:image/png;base64,iVBORw0KGgoAAAANSUhEUgAAAUAAAAFACAIAAABC8jL9AAAACXBIWXMAAA7EAAAOxAGVKw4bAAAFEElEQVR4nO3dS24cMRQEQbXh+195dATRAonnZEeshfmpE1wV+Hw+ny+g6c/0BwB+T8AQJmAIEzCECRjCBAxhAoYwAUOYgCFMwBAmYAgTMIT9Xfy753mOfo47rC9D7vs93/zdT1j8PZ3AECZgCBMwhAkYwgQMYQKGMAFDmIAhTMAQJmAIEzCECRjCBAxhq2ukdffd1VJZz9y3B/Is/cgJDGEChjABQ5iAIUzAECZgCBMwhAkYwgQMYQKGMAFDmIAhTMAQtn+NtG52EzO7dDmxHDrxe1b2QK99lpzAECZgCBMwhAkYwgQMYQKGMAFDmIAhTMAQJmAIEzCECRjCBAxhk2sk9ppdOFV2S5dxAkOYgCFMwBAmYAgTMIQJGMIEDGEChjABQ5iAIUzAECZgCBMwhFkjzZhd+ZzYLTHCCQxhAoYwAUOYgCFMwBAmYAgTMIQJGMIEDGEChjABQ5iAIUzAEDa5RnKbzl4nFk6V/1Hlc27nBIYwAUOYgCFMwBAmYAgTMIQJGMIEDGEChjABQ5iAIUzAECZgCNu/RnKbzk1m73DyLP3ICQxhAoYwAUOYgCFMwBAmYAgTMIQJGMIEDGEChjABQ5iAIUzAEPa89lKZWZWdjcfjP+cEhjABQ5iAIUzAECZgCBMwhAkYwgQMYQKGMAFDmIAhTMAQJmAIW70baXY9U7l3577tTmU1te6yZ8kJDGEChjABQ5iAIUzAECZgCBMwhAkYwgQMYQKGMAFDmIAhTMAQtrpGWre+9jix4Vh/zdnl0IlfafYbza671t/9shWaExjCBAxhAoYwAUOYgCFMwBAmYAgTMIQJGMIEDGEChjABQ5iAIWz/GumEE4ucynpmXWW3tG72/554lpzAECZgCBMwhAkYwgQMYQKGMAFDmIAhTMAQJmAIEzCECRjCBAxhq2uk++7yWTe7SplVuUmosjHazgkMYQKGMAFDmIAhTMAQJmAIEzCECRjCBAxhAoYwAUOYgCFMwBC2/26kyi01b37NdZXtTuVzbucEhjABQ5iAIUzAECZgCBMwhAkYwgQMYQKGMAFDmIAhTMAQJmAI279GWnfijpzKa86avb/qzbdnbecEhjABQ5iAIUzAECZgCBMwhAkYwgQMYQKGMAFDmIAhTMAQJmAIexaHFJfdKHPI7HbnPq+98ehr+bs7gSFMwBAmYAgTMIQJGMIEDGEChjABQ5iAIUzAECZgCBMwhAkYwvbfjVS5z2bdiaXLidc8sd2Z3QNVfqVBTmAIEzCECRjCBAxhAoYwAUOYgCFMwBAmYAgTMIQJGMIEDGEChrD9a6R1s2uP2dVUZRMzuweqGPxvOoEhTMAQJmAIEzCECRjCBAxhAoYwAUOYgCFMwBAmYAgTMIQJGMIm10ismL3xaN36u1c+54l33/6aTmAIEzCECRjCBAxhAoYwAUOYgCFMwBAmYAgTMIQJGMIEDGEChjBrpBmzNx7d57U3SDmBIUzAECZgCBMwhAkYwgQMYQKGMAFDmIAhTMAQJmAIEzCECRjCJtdIJ+6euc/srzR7k9CsE999+27JCQxhAoYwAUOYgCFMwBAmYAgTMIQJGMIEDGEChjABQ5iAIUzAELZ/jeTWn5sM7mz+6d1PmP3ui5zAECZgCBMwhAkYwgQMYQKGMAFDmIAhTMAQJmAIEzCECRjCBAxhz31X2sB7OIEhTMAQJmAIEzCECRjCBAxhAoYwAUOYgCFMwBAmYAgTMIR9A/kL+JGlDVH1AAAAAElFTkSuQmCC', 16, 1, '2022-06-22 20:45:06', '2022-06-22 20:45:06'),
(14, '3', '29', 320, NULL, 1, 2, NULL, 16, 11, '2022-06-23 10:53:17', '2022-06-23 10:53:17'),
(15, '3', '26', 400, NULL, 1, 2, NULL, 16, 11, '2022-06-23 10:53:29', '2022-06-23 10:53:29'),
(16, '3', '29', 320, NULL, 1, 2, NULL, 16, 11, '2022-06-23 10:53:17', '2022-06-23 10:53:17'),
(17, '3', '26', 400, NULL, 1, 2, NULL, 16, 11, '2022-06-23 10:53:29', '2022-06-23 10:53:29'),
(18, '3', '29', 320, NULL, 1, 1, NULL, 16, 11, '2022-06-23 10:53:17', '2022-06-23 10:53:17'),
(19, '3', '26', 400, NULL, 1, 1, NULL, 16, 11, '2022-06-23 10:53:29', '2022-06-23 10:53:29'),
(20, '3', '29', 320, NULL, 1, 1, NULL, 16, 11, '2022-06-23 10:53:17', '2022-06-23 10:53:17'),
(21, '3', '26', 400, NULL, 1, 1, NULL, 16, 11, '2022-06-23 10:53:29', '2022-06-23 10:53:29'),
(22, '3', '29', 400, NULL, 20, 2, NULL, 16, 11, '2022-06-24 15:06:02', '2022-06-24 15:06:02');

-- --------------------------------------------------------

--
-- Table structure for table `product_types`
--

CREATE TABLE `product_types` (
  `id` int(11) NOT NULL,
  `product_name` varchar(50) NOT NULL
) ENGINE=InnoDB DEFAULT CHARSET=utf8mb4;

--
-- Dumping data for table `product_types`
--

INSERT INTO `product_types` (`id`, `product_name`) VALUES
(1, 'TUNIK'),
(2, 'DRESS'),
(3, 'HOMEDRESS');

-- --------------------------------------------------------

--
-- Table structure for table `selling_vendors`
--

CREATE TABLE `selling_vendors` (
  `id` int(11) NOT NULL,
  `vendor` varchar(40) NOT NULL
) ENGINE=InnoDB DEFAULT CHARSET=utf8mb4;

--
-- Dumping data for table `selling_vendors`
--

INSERT INTO `selling_vendors` (`id`, `vendor`) VALUES
(1, 'LOVISH'),
(2, 'BASUNDARI');

-- --------------------------------------------------------

--
-- Table structure for table `shippings`
--

CREATE TABLE `shippings` (
  `id` int(11) NOT NULL,
  `box_name` text NOT NULL,
  `created_at` timestamp NOT NULL DEFAULT current_timestamp() ON UPDATE current_timestamp(),
  `updated_at` timestamp NOT NULL DEFAULT current_timestamp(),
  `resi` text DEFAULT NULL,
  `qrcode` text DEFAULT NULL,
  `status` int(11) NOT NULL DEFAULT 1,
  `user_id` int(11) NOT NULL
) ENGINE=InnoDB DEFAULT CHARSET=utf8mb4;

--
-- Dumping data for table `shippings`
--

INSERT INTO `shippings` (`id`, `box_name`, `created_at`, `updated_at`, `resi`, `qrcode`, `status`, `user_id`) VALUES
(1, 'BOX-1', '2022-06-23 06:37:35', '2022-06-23 08:23:02', '213812951211', 'asd', 1, 1),
(9, 'BOX-LWN9330', '2022-06-23 07:55:35', '2022-06-23 08:23:02', NULL, NULL, 1, 11),
(10, 'BOX-NIW5933', '2022-06-23 07:59:38', '2022-06-23 08:23:02', NULL, NULL, 1, 11);

-- --------------------------------------------------------

--
-- Table structure for table `shipping_details`
--

CREATE TABLE `shipping_details` (
  `id` int(11) NOT NULL,
  `shipping_id` int(11) NOT NULL,
  `product_id` int(11) DEFAULT NULL
) ENGINE=InnoDB DEFAULT CHARSET=utf8mb4;

--
-- Dumping data for table `shipping_details`
--

INSERT INTO `shipping_details` (`id`, `shipping_id`, `product_id`) VALUES
(1, 1, 10),
(2, 1, 12),
(6, 9, NULL),
(7, 10, NULL);

-- --------------------------------------------------------

--
-- Table structure for table `supplier_vendors`
--

CREATE TABLE `supplier_vendors` (
  `id` int(11) NOT NULL,
  `vendor` varchar(50) NOT NULL
) ENGINE=InnoDB DEFAULT CHARSET=utf8mb4;

--
-- Dumping data for table `supplier_vendors`
--

INSERT INTO `supplier_vendors` (`id`, `vendor`) VALUES
(1, 'MATAHARI TEX'),
(2, 'SURYA TEX'),
(3, 'BMJ TEX'),
(4, 'ALIBABA TEX'),
(5, 'KARUNIA TEX'),
(6, 'DFASHION'),
(8, 'KEMAYORAN TEX');

-- --------------------------------------------------------

--
-- Table structure for table `users`
--

CREATE TABLE `users` (
  `id` int(11) NOT NULL,
  `name` varchar(55) DEFAULT NULL,
  `username` varchar(55) NOT NULL,
  `password` text NOT NULL,
  `role` enum('administrator','gudang_1','gudang_2','') NOT NULL,
  `accessibility` text DEFAULT NULL,
  `photo` text DEFAULT NULL
) ENGINE=InnoDB DEFAULT CHARSET=utf8;

--
-- Dumping data for table `users`
--

INSERT INTO `users` (`id`, `name`, `username`, `password`, `role`, `accessibility`, `photo`) VALUES
(1, 'admin', 'admin', '$2y$10$PtOhVUMdrxXXMxa2ADilkOfTZopbEKMyv/UoS6nUi5A93dJ43/hbi', 'administrator', NULL, NULL),
(6, 'Lingga', '123', '$2y$10$XtqMCWbwjZ44Wi7GqOZl8.0XTljKBsAjTQl4HqoWqKiz6VZOEGouO', 'gudang_1', '[\"1\",\"2\",\"3\",\"4\",\"5\",\"6\"]', NULL),
(7, '22332', '12323213', '$2y$10$CYpEL3.1kmVa4mvo9ZMX0OnHf4lJqzitFGEZ8QuDnhkPFbkwyWrgu', 'administrator', NULL, NULL),
(11, 'lovish', 'lovish', '$2y$10$GShNNckH7H4WMs2Z4hPIm.mJXpxsKc0Or/xlFzLHf16LuOBIOiYse', 'gudang_2', '[\"1\",\"2\",\"3\",\"4\",\"5\",\"6\"]', NULL);

--
-- Indexes for dumped tables
--

--
-- Indexes for table `colors`
--
ALTER TABLE `colors`
  ADD PRIMARY KEY (`id`),
  ADD UNIQUE KEY `color` (`color`);

--
-- Indexes for table `gudang`
--
ALTER TABLE `gudang`
  ADD PRIMARY KEY (`id`);

--
-- Indexes for table `jahit_vendors`
--
ALTER TABLE `jahit_vendors`
  ADD PRIMARY KEY (`id`);

--
-- Indexes for table `logs`
--
ALTER TABLE `logs`
  ADD PRIMARY KEY (`id`),
  ADD KEY `user_id` (`user_id`);

--
-- Indexes for table `materials`
--
ALTER TABLE `materials`
  ADD PRIMARY KEY (`id`);

--
-- Indexes for table `material_types`
--
ALTER TABLE `material_types`
  ADD PRIMARY KEY (`id`);

--
-- Indexes for table `models`
--
ALTER TABLE `models`
  ADD PRIMARY KEY (`id`);

--
-- Indexes for table `products`
--
ALTER TABLE `products`
  ADD PRIMARY KEY (`id`),
  ADD KEY `model_id` (`model_id`),
  ADD KEY `user_id` (`user_id`);

--
-- Indexes for table `product_types`
--
ALTER TABLE `product_types`
  ADD PRIMARY KEY (`id`);

--
-- Indexes for table `selling_vendors`
--
ALTER TABLE `selling_vendors`
  ADD PRIMARY KEY (`id`);

--
-- Indexes for table `shippings`
--
ALTER TABLE `shippings`
  ADD PRIMARY KEY (`id`);

--
-- Indexes for table `shipping_details`
--
ALTER TABLE `shipping_details`
  ADD PRIMARY KEY (`id`);

--
-- Indexes for table `supplier_vendors`
--
ALTER TABLE `supplier_vendors`
  ADD PRIMARY KEY (`id`);

--
-- Indexes for table `users`
--
ALTER TABLE `users`
  ADD PRIMARY KEY (`id`);

--
-- AUTO_INCREMENT for dumped tables
--

--
-- AUTO_INCREMENT for table `colors`
--
ALTER TABLE `colors`
  MODIFY `id` int(11) NOT NULL AUTO_INCREMENT, AUTO_INCREMENT=30;

--
-- AUTO_INCREMENT for table `gudang`
--
ALTER TABLE `gudang`
  MODIFY `id` int(11) NOT NULL AUTO_INCREMENT, AUTO_INCREMENT=3;

--
-- AUTO_INCREMENT for table `jahit_vendors`
--
ALTER TABLE `jahit_vendors`
  MODIFY `id` int(11) NOT NULL AUTO_INCREMENT, AUTO_INCREMENT=9;

--
-- AUTO_INCREMENT for table `logs`
--
ALTER TABLE `logs`
  MODIFY `id` int(11) NOT NULL AUTO_INCREMENT, AUTO_INCREMENT=30;

--
-- AUTO_INCREMENT for table `materials`
--
ALTER TABLE `materials`
  MODIFY `id` int(11) NOT NULL AUTO_INCREMENT, AUTO_INCREMENT=12;

--
-- AUTO_INCREMENT for table `material_types`
--
ALTER TABLE `material_types`
  MODIFY `id` int(11) NOT NULL AUTO_INCREMENT, AUTO_INCREMENT=28;

--
-- AUTO_INCREMENT for table `models`
--
ALTER TABLE `models`
  MODIFY `id` int(11) NOT NULL AUTO_INCREMENT, AUTO_INCREMENT=17;

--
-- AUTO_INCREMENT for table `products`
--
ALTER TABLE `products`
  MODIFY `id` int(11) NOT NULL AUTO_INCREMENT, AUTO_INCREMENT=23;

--
-- AUTO_INCREMENT for table `product_types`
--
ALTER TABLE `product_types`
  MODIFY `id` int(11) NOT NULL AUTO_INCREMENT, AUTO_INCREMENT=8;

--
-- AUTO_INCREMENT for table `selling_vendors`
--
ALTER TABLE `selling_vendors`
  MODIFY `id` int(11) NOT NULL AUTO_INCREMENT, AUTO_INCREMENT=4;

--
-- AUTO_INCREMENT for table `shippings`
--
ALTER TABLE `shippings`
  MODIFY `id` int(11) NOT NULL AUTO_INCREMENT, AUTO_INCREMENT=11;

--
-- AUTO_INCREMENT for table `shipping_details`
--
ALTER TABLE `shipping_details`
  MODIFY `id` int(11) NOT NULL AUTO_INCREMENT, AUTO_INCREMENT=8;

--
-- AUTO_INCREMENT for table `supplier_vendors`
--
ALTER TABLE `supplier_vendors`
  MODIFY `id` int(11) NOT NULL AUTO_INCREMENT, AUTO_INCREMENT=9;

--
-- AUTO_INCREMENT for table `users`
--
ALTER TABLE `users`
  MODIFY `id` int(11) NOT NULL AUTO_INCREMENT, AUTO_INCREMENT=12;

--
-- Constraints for dumped tables
--

--
-- Constraints for table `products`
--
ALTER TABLE `products`
  ADD CONSTRAINT `products_ibfk_1` FOREIGN KEY (`model_id`) REFERENCES `models` (`id`) ON DELETE NO ACTION ON UPDATE NO ACTION;
COMMIT;

/*!40101 SET CHARACTER_SET_CLIENT=@OLD_CHARACTER_SET_CLIENT */;
/*!40101 SET CHARACTER_SET_RESULTS=@OLD_CHARACTER_SET_RESULTS */;
/*!40101 SET COLLATION_CONNECTION=@OLD_COLLATION_CONNECTION */;
