-- phpMyAdmin SQL Dump
-- version 5.1.1
-- https://www.phpmyadmin.net/
--
-- Host: localhost:8889
-- Generation Time: Jul 08, 2022 at 03:07 AM
-- Server version: 5.7.34
-- PHP Version: 8.0.8

SET SQL_MODE = "NO_AUTO_VALUE_ON_ZERO";
START TRANSACTION;
SET time_zone = "+00:00";


/*!40101 SET @OLD_CHARACTER_SET_CLIENT=@@CHARACTER_SET_CLIENT */;
/*!40101 SET @OLD_CHARACTER_SET_RESULTS=@@CHARACTER_SET_RESULTS */;
/*!40101 SET @OLD_COLLATION_CONNECTION=@@COLLATION_CONNECTION */;
/*!40101 SET NAMES utf8mb4 */;

--
-- Database: `sistem_inventory`
--

-- --------------------------------------------------------

--
-- Table structure for table `colors`
--

CREATE TABLE `colors` (
  `id` int(11) NOT NULL,
  `color` varchar(20) NOT NULL
) ENGINE=InnoDB DEFAULT CHARSET=utf8mb4;

--
-- Dumping data for table `colors`
--

INSERT INTO `colors` (`id`, `color`) VALUES
(23, 'ABSTRAK'),
(24, 'ABU'),
(12, 'ARMY'),
(2, 'BATA'),
(10, 'BEIGE'),
(25, 'COKLAT'),
(3, 'COKSU'),
(26, 'DENIM'),
(4, 'DUSTY'),
(9, 'HITAM'),
(13, 'KUBUS'),
(5, 'MAROON'),
(8, 'MINT'),
(6, 'NAVY'),
(1, 'OCEAN'),
(11, 'PINK'),
(29, 'PUTIH'),
(7, 'SALMON');

-- --------------------------------------------------------

--
-- Table structure for table `det_tim_gelar`
--

CREATE TABLE `det_tim_gelar` (
  `id` int(11) NOT NULL,
  `tim_gelar_id` int(11) NOT NULL,
  `material_id` int(11) NOT NULL
) ENGINE=InnoDB DEFAULT CHARSET=utf8;

--
-- Dumping data for table `det_tim_gelar`
--

INSERT INTO `det_tim_gelar` (`id`, `tim_gelar_id`, `material_id`) VALUES
(1, 1, 2);

-- --------------------------------------------------------

--
-- Table structure for table `gudang`
--

CREATE TABLE `gudang` (
  `id` int(11) NOT NULL,
  `gudang` varchar(50) NOT NULL
) ENGINE=InnoDB DEFAULT CHARSET=utf8mb4;

--
-- Dumping data for table `gudang`
--

INSERT INTO `gudang` (`id`, `gudang`) VALUES
(1, 'GESIT'),
(2, 'LOVISH');

-- --------------------------------------------------------

--
-- Table structure for table `jahit_vendors`
--

CREATE TABLE `jahit_vendors` (
  `id` int(11) NOT NULL,
  `vendor` varchar(50) NOT NULL
) ENGINE=InnoDB DEFAULT CHARSET=utf8mb4;

--
-- Dumping data for table `jahit_vendors`
--

INSERT INTO `jahit_vendors` (`id`, `vendor`) VALUES
(1, 'NANA NURMUBIN'),
(2, 'YADI IRAWAN'),
(3, 'IDPAN NURULLOH'),
(4, 'BAMBANG HERU IRAWAN'),
(5, 'ARI SUTRISNA'),
(6, 'WIDAWATI'),
(7, 'MOCH. ALDI AL GHIFFARI'),
(8, 'DESI MEI MEMORY');

-- --------------------------------------------------------

--
-- Table structure for table `log`
--

CREATE TABLE `log` (
  `id` int(11) NOT NULL,
  `ip_address` text,
  `user_id` int(11) NOT NULL,
  `date` timestamp NOT NULL DEFAULT CURRENT_TIMESTAMP ON UPDATE CURRENT_TIMESTAMP,
  `media` varchar(50) NOT NULL DEFAULT 'BROWSER'
) ENGINE=InnoDB DEFAULT CHARSET=utf8;

-- --------------------------------------------------------

--
-- Table structure for table `logs`
--

CREATE TABLE `logs` (
  `id` int(11) NOT NULL,
  `description` text NOT NULL,
  `user_id` int(11) NOT NULL,
  `created_at` timestamp NOT NULL DEFAULT CURRENT_TIMESTAMP
) ENGINE=InnoDB DEFAULT CHARSET=utf8mb4;

--
-- Dumping data for table `logs`
--

INSERT INTO `logs` (`id`, `description`, `user_id`, `created_at`) VALUES
(25, 'Menambahkan produk baru (TUNIK DIRA PUTIH)', 1, '2022-06-20 13:45:06'),
(26, 'Menghapus data produk (TUNIK DIRA PUTIH)', 1, '2022-06-22 14:21:33'),
(27, 'Menambahkan produk baru (DRESS AMARA PUTIH)', 11, '2022-06-23 03:53:17'),
(28, 'Menambahkan produk baru (DRESS AMARA PUTIH)', 11, '2022-06-23 03:53:29'),
(29, 'Menambahkan produk baru (DRESS AMARA PUTIH)', 11, '2022-06-24 08:06:02'),
(30, 'Menambahkan data kain baru (4 29)', 6, '2022-06-26 23:14:32'),
(31, 'Menambahkan produk baru (DRESS AMARA PUTIH)', 6, '2022-06-26 23:14:49'),
(32, 'Menambahkan data kain baru (14 29)', 6, '2022-06-26 23:46:03'),
(33, 'Mengubah data kain (SIGARETTE PUTIH)', 6, '2022-06-26 23:52:59'),
(34, 'Mengubah data kain (RAYON PUTIH)', 6, '2022-06-27 00:13:16'),
(35, 'Menambahkan produk baru (DRESS AMARA PUTIH)', 11, '2022-06-27 04:14:44'),
(36, 'Menambahkan produk baru (DRESS AMARA PUTIH)', 11, '2022-06-27 04:17:46'),
(37, 'Menambahkan produk baru (DRESS AMARA PUTIH)', 11, '2022-06-27 04:18:10'),
(38, 'Menambahkan produk baru (HOMEDRESS DIRA PUTIH)', 11, '2022-06-27 04:19:05'),
(39, 'Menambahkan produk baru (HOMEDRESS DIRA PUTIH)', 11, '2022-06-27 04:21:28'),
(40, 'Menambahkan produk baru (TUNIK DIRA PUTIH)', 6, '2022-06-27 06:14:46'),
(41, 'Menambahkan data kain baru (14 29)', 6, '2022-06-27 06:15:05'),
(42, 'Menambahkan produk baru (HOMEDRESS DIRA PUTIH)', 11, '2022-06-27 06:15:46'),
(43, 'Mengubah produk baru (HOMEDRESS DIRA ABU)', 11, '2022-06-27 06:16:57'),
(44, 'Menambahkan produk baru (HOMEDRESS DIRA PUTIH)', 1, '2022-06-27 06:20:35'),
(45, 'Menambahkan produk baru (HOMEDRESS DIRA PUTIH)', 6, '2022-06-29 02:20:21'),
(46, 'Menambahkan produk baru (HOMEDRESS DIRA PUTIH)', 6, '2022-06-29 02:20:41'),
(47, 'Menambahkan produk baru (TUNIK LUNA SALMON)', 6, '2022-06-29 03:26:56'),
(48, 'Menambahkan produk baru (HOMEDRESS DIRA PUTIH)', 6, '2022-06-29 04:02:44'),
(49, 'Menambahkan produk baru (HOMEDRESS DIRA PUTIH)', 6, '2022-06-29 04:04:13'),
(50, 'Menambahkan produk baru (HOMEDRESS DIRA PUTIH) sebanyak 100. ', 6, '2022-06-29 04:30:03'),
(51, 'Menambahkan produk baru (HOMEDRESS DIRA ARMY) sebanyak 10. ', 6, '2022-06-29 05:05:30'),
(52, 'Menambahkan produk baru (TUNIK DIRA BATA) sebanyak 30. ', 6, '2022-06-29 05:11:51'),
(53, 'Mengubah produk baru (TUNIK DIRA BATA)', 6, '2022-06-29 05:12:05'),
(54, 'Menambahkan produk baru (HOMEDRESS AMARA PUTIH) sebanyak 1. ', 6, '2022-06-30 15:39:22'),
(55, 'Menghapus data produk (HOMEDRESS DIRA PUTIH)', 6, '2022-06-30 15:47:39'),
(56, 'Menambahkan produk baru (HOMEDRESS AMARA PUTIH) sebanyak 200. ', 6, '2022-06-30 15:47:51'),
(57, 'Menambahkan produk baru (HOMEDRESS DIRA PUTIH) sebanyak 20. ', 6, '2022-06-30 15:49:54'),
(58, 'Menambahkan produk baru (HOMEDRESS DIRA PUTIH) sebanyak 1. ', 6, '2022-06-30 15:50:40');

-- --------------------------------------------------------

--
-- Table structure for table `materials`
--

CREATE TABLE `materials` (
  `id` int(11) NOT NULL,
  `material_id` int(11) NOT NULL,
  `vendor_id` int(11) DEFAULT NULL,
  `color_id` int(11) DEFAULT NULL,
  `weight` float NOT NULL,
  `roll` int(11) NOT NULL DEFAULT '1',
  `qrcode` text,
  `status` int(11) NOT NULL DEFAULT '1',
  `price` int(11) DEFAULT NULL,
  `user_id` int(11) NOT NULL,
  `gudang_id` int(11) NOT NULL DEFAULT '1',
  `tgl_cutting` timestamp NOT NULL DEFAULT CURRENT_TIMESTAMP,
  `tim_gelar` int(11) DEFAULT NULL,
  `pic_cutting` int(11) NOT NULL,
  `created_at` timestamp NOT NULL DEFAULT CURRENT_TIMESTAMP,
  `updated_at` timestamp NOT NULL DEFAULT CURRENT_TIMESTAMP
) ENGINE=InnoDB DEFAULT CHARSET=utf8;

--
-- Dumping data for table `materials`
--

INSERT INTO `materials` (`id`, `material_id`, `vendor_id`, `color_id`, `weight`, `roll`, `qrcode`, `status`, `price`, `user_id`, `gudang_id`, `tgl_cutting`, `tim_gelar`, `pic_cutting`, `created_at`, `updated_at`) VALUES
(1, 1, 1, 1, 25000, 1, 'data:image/png;base64,iVBORw0KGgoAAAANSUhEUgAAAUAAAAFACAIAAABC8jL9AAAACXBIWXMAAA7EAAAOxAGVKw4bAAAFB0lEQVR4nO3dQW4bMRQFQU/g+19ZOUAWZoIhfpqsWgeKNJ4GVw98Pp/PF9D0a/oLAP9OwBAmYAgTMIQJGMIEDGEChjABQ5iAIUzAECZgCBMwhH0v/rvnebZ+jzOsL0N2PM8du5T17zn728+z+DydwBAmYAgTMIQJGMIEDGEChjABQ5iAIUzAECZgCBMwhAkYwgQMYatrpHXn3dUyuxy6ebvjXfqRExjCBAxhAoYwAUOYgCFMwBAmYAgTMIQJGMIEDGEChjABQ5iAIez9NdK62Z3N7NJl9s4hK593DT5PJzCECRjCBAxhAoYwAUOYgCFMwBAmYAgTMIQJGMIEDGEChjABQ9jkGol32S1dyAkMYQKGMAFDmIAhTMAQJmAIEzCECRjCBAxhAoYwAUOYgCFMwBBmjfS/23Hrj43RMZzAECZgCBMwhAkYwgQMYQKGMAFDmIAhTMAQJmAIEzCECRjCBAxhk2ukmzcxN//2Ha59nk5gCBMwhAkYwgQMYQKGMAFDmIAhTMAQJmAIEzCECRjCBAxhAoaw99dIO+7yOc/6U1rf2VQ+c5136UdOYAgTMIQJGMIEDGEChjABQ5iAIUzAECZgCBMwhAkYwgQMYQKGsOfaS2Uqdixy/NGP4QSGMAFDmIAhTMAQJmAIEzCECRjCBAxhAoYwAUOYgCFMwBAmYAhbvRupckvN7A09lXuMdrj5FqXBv7sTGMIEDGEChjABQ5iAIUzAECZgCBMwhAkYwgQMYQKGMAFDmIAhbHWNtMOODceOTUxlD3TeyufmhdMiJzCECRjCBAxhAoYwAUOYgCFMwBAmYAgTMIQJGMIEDGEChjABQ9jqGqmy9phdDu14SutmtzuzT/7a3ZITGMIEDGEChjABQ5iAIUzAECZgCBMwhAkYwgQMYQKGMAFDmIAhbHWNNHvn0A6V5dB5znvyg7/ICQxhAoYwAUOYgCFMwBAmYAgTMIQJGMIEDGEChjABQ5iAIUzAELa6RlpX2dnM3uWzw45fdN5TWjf7PBc5gSFMwBAmYAgTMIQJGMIEDGEChjABQ5iAIUzAECZgCBMwhAkYwp7Zi2quVdnu7Hg9Zm8nGlwO7fjfncAQJmAIEzCECRjCBAxhAoYwAUOYgCFMwBAmYAgTMIQJGMIEDGGra6TKembW7LRrdmezQ2U5tIM1EpxPwBAmYAgTMIQJGMIEDGEChjABQ5iAIUzAECZgCBMwhAkYwr5f/8TK0mXd7CrFDmxK4k12AkOYgCFMwBAmYAgTMIQJGMIEDGEChjABQ5iAIUzAECZgCBMwhL2/RlqXuHvmcpUt1I7vmXhDnMAQJmAIEzCECRjCBAxhAoYwAUOYgCFMwBAmYAgTMIQJGMIEDGGTa6SbXbue+fqb77n+lHZ85rod33ORExjCBAxhAoYwAUOYgCFMwBAmYAgTMIQJGMIEDGEChjABQ5iAIcwaibvMbqFe5wSGMAFDmIAhTMAQJmAIEzCECRjCBAxhAoYwAUOYgCFMwBAmYAibXCNV7vI5z+ydQztuJ9oh8X46gSFMwBAmYAgTMIQJGMIEDGEChjABQ5iAIUzAECZgCBMwhAkYwt5fI1W2JhU7NjGzO5vEyudrz5v8+m93AkOYgCFMwBAmYAgTMIQJGMIEDGEChjABQ5iAIUzAECZgCBMwhD2VaQjwJycwhAkYwgQMYQKGMAFDmIAhTMAQJmAIEzCECRjCBAxhAoaw37i/7IXxcewkAAAAAElFTkSuQmCC', 1, 10000, 1, 1, '2022-07-08 02:50:27', 1, 1, '2022-06-09 01:19:22', '2022-06-09 01:19:22'),
(2, 1, 1, 1, 25000, 1, 'data:image/png;base64,iVBORw0KGgoAAAANSUhEUgAAAUAAAAFACAIAAABC8jL9AAAACXBIWXMAAA7EAAAOxAGVKw4bAAAFCElEQVR4nO3dS24cMRAFQY2h+19ZPoLLRhPlZEesBU3PJ8HVAz8/Pz9fQNOv7QcA/p2AIUzAECZgCBMwhAkYwgQMYQKGMAFDmIAhTMAQJmAI+x7+3efzOfocd9hdhsy/o/lz7v7PNxt+nk5gCBMwhAkYwgQMYQKGMAFDmIAhTMAQJmAIEzCECRjCBAxhAoaw6Rpp7r67Wk6sZ06sfO5z33t//LfkBIYwAUOYgCFMwBAmYAgTMIQJGMIEDGEChjABQ5iAIUzAECZgCHt+jTS3e0fOfUuXufu2UK/9LTmBIUzAECZgCBMwhAkYwgQMYQKGMAFDmIAhTMAQJmAIEzCECRjCNtdIb3Ziv3Lif963W7qMExjCBAxhAoYwAUOYgCFMwBAmYAgTMIQJGMIEDGEChjABQ5iAIcwaacfuXT5cwwkMYQKGMAFDmIAhTMAQJmAIEzCECRjCBAxhAoYwAUOYgCFMwBC2uUZym86W+z75+97RkBMYwgQMYQKGMAFDmIAhTMAQJmAIEzCECRjCBAxhAoYwAUOYgCHs+TWSW3+eNd/ZnPjk5//zxB7Ib+mPnMAQJmAIEzCECRjCBAxhAoYwAUOYgCFMwBAmYAgTMIQJGMIEDGGf114qs2t35cM1nMAQJmAIEzCECRjCBAxhAoYwAUOYgCFMwBAmYAgTMIQJGMIEDGHTu5FO3FJz4tafyg09leec273DaW73OR//3p3AECZgCBMwhAkYwgQMYQKGMAFDmIAhTMAQJmAIEzCECRjCBAxhjbuREruQQyrbnRNOrNAqy7bhqzuBIUzAECZgCBMwhAkYwgQMYQKGMAFDmIAhTMAQJmAIEzCECRjCnr8bqXJHTmXlU7lF6c3f5uKrO4EhTMAQJmAIEzCECRjCBAxhAoYwAUOYgCFMwBAmYAgTMIQJGMKma6QTKrulynNWbhLa/ZTmEs/pBIYwAUOYgCFMwBAmYAgTMIQJGMIEDGEChjABQ5iAIUzAECZgCPs8fvXOif3KCYmtybrd3dIJlecccgJDmIAhTMAQJmAIEzCECRjCBAxhAoYwAUOYgCFMwBAmYAgTMIQ9v0ZiYncTc9ki5+vMtizx3p3AECZgCBMwhAkYwgQMYQKGMAFDmIAhTMAQJmAIEzCECRjCBAxh38O/c5PQRGK/8ld2Vz4nVlO7v+TH35ETGMIEDGEChjABQ5iAIUzAECZgCBMwhAkYwgQMYQKGMAFDmIAhbLpGmrPImbjvU7pP4nt3AkOYgCFMwBAmYAgTMIQJGMIEDGEChjABQ5iAIUzAECZgCBMwhD2/RprbvaWmsge671M68Y7uu0VpyAkMYQKGMAFDmIAhTMAQJmAIEzCECRjCBAxhAoYwAUOYgCFMwBC2uUZ6s931TGWRc+I5dz+lx1/dCQxhAoYwAUOYgCFMwBAmYAgTMIQJGMIEDGEChjABQ5iAIUzAEGaNtKNyM9N9Llt3OYEhTMAQJmAIEzCECRjCBAxhAoYwAUOYgCFMwBAmYAgTMIQJGMI210hvXuScWLpUdjaV7z3xnE5gCBMwhAkYwgQMYQKGMAFDmIAhTMAQJmAIEzCECRjCBAxhAoawz3By8fidLldavCMn9Oq7LltNOYEhTMAQJmAIEzCECRjCBAxhAoYwAUOYgCFMwBAmYAgTMIQJGMKmayTgP+QEhjABQ5iAIUzAECZgCBMwhAkYwgQMYQKGMAFDmIAhTMAQ9hsnMO+RdlWNVAAAAABJRU5ErkJggg==', 1, 10000, 1, 1, '2022-07-08 02:50:27', 1, 1, '2022-06-09 02:19:22', '2022-06-09 02:19:22'),
(3, 1, 1, 26, 25000, 1, 'data:image/png;base64,iVBORw0KGgoAAAANSUhEUgAAAUAAAAFACAIAAABC8jL9AAAACXBIWXMAAA7EAAAOxAGVKw4bAAAE/0lEQVR4nO3dMW4cMRQFQY3h+19ZDh0o0LcxBNVkVSwIs7PbYPTA5/Pz8wNo+rX7AYD/J2AIEzCECRjCBAxhAoYwAUOYgCFMwBAmYAgTMIQJGMJ+D//ueZ6lz3GG+TJkxftcsUuZP+fez36e4ft0AkOYgCFMwBAmYAgTMIQJGMIEDGEChjABQ5iAIUzAECZgCBMwhE3XSHPn3dWydzl083bHb+lbTmAIEzCECRjCBAxhAoYwAUOYgCFMwBAmYAgTMIQJGMIEDGEChrD310hze3c2e5cue+8csvJ518b36QSGMAFDmIAhTMAQJmAIEzCECRjCBAxhAoYwAUOYgCFMwBAmYAjbuUbiXXZLF3ICQ5iAIUzAECZgCBMwhAkYwgQMYQKGMAFDmIAhTMAQJmAIEzCEWSP9dCtu/bExOoYTGMIEDGEChjABQ5iAIUzAECZgCBMwhAkYwgQMYQKGMAFDmIAhbOca6eZNzM2ffYVr36cTGMIEDGEChjABQ5iAIUzAECZgCBMwhAkYwgQMYQKGMAFDmIAh7P010oq7fM4zf0vznU3lf875LX3LCQxhAoYwAUOYgCFMwBAmYAgTMIQJGMIEDGEChjABQ5iAIUzAEPZce6lMxYpFji/9GE5gCBMwhAkYwgQMYQKGMAFDmIAhTMAQJmAIEzCECRjCBAxhAoaw6d1IlVtq9t7QU7nHaIWbb1Ha+L07gSFMwBAmYAgTMIQJGMIEDGEChjABQ5iAIUzAECZgCBMwhAkYwqZrpIoVm5jKHui8lc95C6fXn9MJDGEChjABQ5iAIUzAECZgCBMwhAkYwgQMYQKGMAFDmIAhTMAQNl0jufVnYu8n2rvdufmzz7kbCfhLwBAmYAgTMIQJGMIEDGEChjABQ5iAIUzAECZgCBMwhAkYwqZrpMqCZP4/Kxuj81T2QAlOYAgTMIQJGMIEDGEChjABQ5iAIUzAECZgCBMwhAkYwgQMYQKGsOka6WYr9iuVu6ZWLIcqe6C9q6khJzCECRjCBAxhAoYwAUOYgCFMwBAmYAgTMIQJGMIEDGEChjABQ9h0jZRYZnx0nnPvHmivyhIrwQkMYQKGMAFDmIAhTMAQJmAIEzCECRjCBAxhAoYwAUOYgCFMwBA2XSMdtuFYZL6J2bvIOW/hNHfYbskJDGEChjABQ5iAIUzAECZgCBMwhAkYwgQMYQKGMAFDmIAhTMAQNl0jzZ23dEmsUhZZ8dkrv5DEczqBIUzAECZgCBMwhAkYwgQMYQKGMAFDmIAhTMAQJmAIEzCECRjC3l8jze1d+SS2Jkda8b1fu5pyAkOYgCFMwBAmYAgTMIQJGMIEDGEChjABQ5iAIUzAECZgCBMwhO1cI91s7yJnxc5m/j/3LocOe/NOYAgTMIQJGMIEDGEChjABQ5iAIUzAECZgCBMwhAkYwgQMYQKGMGukn66y8qlY8T43viUnMIQJGMIEDGEChjABQ5iAIUzAECZgCBMwhAkYwgQMYQKGMAFD2M410nlLlxX23uUzd963mfhETmAIEzCECRjCBAxhAoYwAUOYgCFMwBAmYAgTMIQJGMIEDGEChrD310grli4323s30lziJqF/kthsOYEhTMAQJmAIEzCECRjCBAxhAoYwAUOYgCFMwBAmYAgTMIQJGMKeyjQE+MoJDGEChjABQ5iAIUzAECZgCBMwhAkYwgQMYQKGMAFDmIAh7A+PH+yXxNHHrgAAAABJRU5ErkJggg==', 3, 10000, 1, 1, '2022-07-08 02:50:27', 1, 1, '2022-06-09 03:19:22', '2022-06-26 13:36:05'),
(4, 18, 1, 24, 22000, 1, 'data:image/png;base64,iVBORw0KGgoAAAANSUhEUgAAAUAAAAFACAIAAABC8jL9AAAACXBIWXMAAA7EAAAOxAGVKw4bAAAFFklEQVR4nO3dQW7bQBBFwSjw/a/sHCHtgIPOG1atDUmk+TCrD36+v79/AU2/t38A8O8EDGEChjABQ5iAIUzAECZgCBMwhAkYwgQMYQKGMAFD2Nfw7z6fz9HfcYcTy5DKnZ9fe+WKdg3vpxMYwgQMYQKGMAFDmIAhTMAQJmAIEzCECRjCBAxhAoYwAUOYgCFsukaau+9dLZX1zIk90O5/07P0V05gCBMwhAkYwgQMYQKGMAFDmIAhTMAQJmAIEzCECRjCBAxhAoaw59dIc7srn/uWLnP3XftrnyUnMIQJGMIEDGEChjABQ5iAIUzAECZgCBMwhAkYwgQMYQKGMAFD2OYa6c1OrGdOfOZ9u6XLOIEhTMAQJmAIEzCECRjCBAxhAoYwAUOYgCFMwBAmYAgTMIQJGMKskf538z3Q7sLJbmmFExjCBAxhAoYwAUOYgCFMwBAmYAgTMIQJGMIEDGEChjABQ5iAIWxzjfTm/crute8unE547bPkBIYwAUOYgCFMwBAmYAgTMIQJGMIEDGEChjABQ5iAIUzAECZgCHt+jVTZr+zyzqEJz9JfOYEhTMAQJmAIEzCECRjCBAxhAoYwAUOYgCFMwBAmYAgTMIQJGMI+bx67JFQWOR6kFU5gCBMwhAkYwgQMYQKGMAFDmIAhTMAQJmAIEzCECRjCBAxhAoaw6buRTmxidvcruyufE9d+4jMrW6j7ns8hJzCECRjCBAxhAoYwAUOYgCFMwBAmYAgTMIQJGMIEDGEChjABQ9jmu5FeuyA5ZH4/53fpxGfO7T4hib2aExjCBAxhAoYwAUOYgCFMwBAmYAgTMIQJGMIEDGEChjABQ5iAIez5NVLlbTq77tvuVOxutuaskeB+AoYwAUOYgCFMwBAmYAgTMIQJGMIEDGEChjABQ5iAIUzAEPY1/Ls3vyNnbv47T9zPNy+HKh7/HzmBIUzAECZgCBMwhAkYwgQMYQKGMAFDmIAhTMAQJmAIEzCECRjCnn830g++e/UtNYk33/zo23fXSJXl0GWbLScwhAkYwgQMYQKGMAFDmIAhTMAQJmAIEzCECRjCBAxhAoYwAUPY5hrpzSqrqV2VFdpiRE5gCBMwhAkYwgQMYQKGMAFDmIAhTMAQJmAIEzCECRjCBAxhAoawr+Hf3bd0OaEy7aqsfHb3QCc+8/ErcgJDmIAhTMAQJmAIEzCECRjCBAxhAoYwAUOYgCFMwBAmYAgTMIRN10hzlUXO3H1LrBNX9Obd0uIT4gSGMAFDmIAhTMAQJmAIEzCECRjCBAxhAoYwAUOYgCFMwBAmYAh7fo00t7vy2V1NnVjk7H777tuJdvdVc4/fJScwhAkYwgQMYQKGMAFDmIAhTMAQJmAIEzCECRjCBAxhAoYwAUPY5hqJZ3kr1dZnLt55JzCECRjCBAxhAoYwAUOYgCFMwBAmYAgTMIQJGMIEDGEChjABQ5g10j1OvMfoxM7mxO+svEHq8W93AkOYgCFMwBAmYAgTMIQJGMIEDGEChjABQ5iAIUzAECZgCBMwhG2uke57l89cZZFzwon/+2tXU05gCBMwhAkYwgQMYQKGMAFDmIAhTMAQJmAIEzCECRjCBAxhAoaw59dIlU1MxYn7ubuzuW9fNff4asoJDGEChjABQ5iAIUzAECZgCBMwhAkYwgQMYQKGMAFDmIAhTMAQ9nnzC4qgzgkMYQKGMAFDmIAhTMAQJmAIEzCECRjCBAxhAoYwAUOYgCHsD0eI+4IfmdqQAAAAAElFTkSuQmCC', 1, 10000, 1, 1, '2022-07-08 02:50:27', 1, 1, '2022-06-09 05:19:22', '2022-06-09 05:19:22'),
(10, 14, 1, 29, 40000, 1, 'data:image/png;base64,iVBORw0KGgoAAAANSUhEUgAAAUAAAAFACAIAAABC8jL9AAAACXBIWXMAAA7EAAAOxAGVKw4bAAAE+UlEQVR4nO3dQWocQRBFQY/R/a8sX8CgxHSRftURayNLIz1q9cnP9/f3L6Dp9/Y3APw7AUOYgCFMwBAmYAgTMIQJGMIEDGEChjABQ5iAIUzAEPY1/Hefz+fo93GH+TLkxOd5Ypcy/z53f/b7DD9PLzCECRjCBAxhAoYwAUOYgCFMwBAmYAgTMIQJGMIEDGEChjABQ9h0jTR3362W3eXQm7c7/pZ+5AWGMAFDmIAhTMAQJmAIEzCECRjCBAxhAoYwAUOYgCFMwBAmYAh7fo00t7uz2V267N4csvJ51uLn6QWGMAFDmIAhTMAQJmAIEzCECRjCBAxhAoYwAUOYgCFMwBAmYAjbXCPxLLulF/ICQ5iAIUzAECZgCBMwhAkYwgQMYQKGMAFDmIAhTMAQJmAIEzCEWSP9705c/bExuoYXGMIEDGEChjABQ5iAIUzAECZgCBMwhAkYwgQMYQKGMAFDmIAhbHON9OZNzJt/9hNe+3l6gSFMwBAmYAgTMIQJGMIEDGEChjABQ5iAIUzAECZgCBMwhAkYwp5fI5245XOf+ac039lUvuacv6UfeYEhTMAQJmAIEzCECRjCBAxhAoYwAUOYgCFMwBAmYAgTMIQJGMI+rz0qU3FikeOXfg0vMIQJGMIEDGEChjABQ5iAIUzAECZgCBMwhAkYwgQMYQKGMAFD2PQ2UuVKze6FnsodoxPefEVp8ffuBYYwAUOYgCFMwBAmYAgTMIQJGMIEDGEChjABQ5iAIUzAECZgCJveRqqsPXZVdktzlRXaCYnfkRcYwgQMYQKGMAFDmIAhTMAQJmAIEzCECRjCBAxhAoYwAUOYgCFsehvphN2rP5WbQ5Ul1n13oRJLLC8whAkYwgQMYQKGMAFDmIAhTMAQJmAIEzCECRjCBAxhAoYwAUPY9DbSkf87sjGqfM25xNWfdYkVmhcYwgQMYQKGMAFDmIAhTMAQJmAIEzCECRjCBAxhAoYwAUOYgCGssUaq3DGa293u7G6MKjuwBC8whAkYwgQMYQKGMAFDmIAhTMAQJmAIEzCECRjCBAxhAoYwAUPY5hrpze5b5FT2QJd9Sl5gCBMwhAkYwgQMYQKGMAFDmIAhTMAQJmAIEzCECRjCBAxhAoawr+G/q9wc2jXfrxiBTZz4q0tsjOa8wBAmYAgTMIQJGMIEDGEChjABQ5iAIUzAECZgCBMwhAkYwgQMYdPbSJXLNydUfvb7FmMn7kJVuI0E9xMwhAkYwgQMYQKGMAFDmIAhTMAQJmAIEzCECRjCBAxhAoaw6W2kE3YXJPetpk64b1912cLJCwxhAoYwAUOYgCFMwBAmYAgTMIQJGMIEDGEChjABQ5iAIUzAELa5RnqzNy+xdjdGux7/Pr3AECZgCBMwhAkYwgQMYQKGMAFDmIAhTMAQJmAIEzCECRjCBAxh1kj/uxM7m/ke6MT/bgv1IC8whAkYwgQMYQKGMAFDmIAhTMAQJmAIEzCECRjCBAxhAoYwAUPY5hqpcs9m1+4VpRO7pd2vOZf4+/QCQ5iAIUzAECZgCBMwhAkYwgQMYQKGMAFDmIAhTMAQJmAIEzCEPb9G2l3PsGX33tLcZQsnLzCECRjCBAxhAoYwAUOYgCFMwBAmYAgTMIQJGMIEDGEChjABQ9gncQAG+CsvMIQJGMIEDGEChjABQ5iAIUzAECZgCBMwhAkYwgQMYQKGsD9eYQR/06FY2AAAAABJRU5ErkJggg==', 1, 10000, 6, 1, '2022-07-08 02:50:27', 1, 1, '2022-06-22 09:12:09', '2022-06-22 09:12:09'),
(11, 3, 1, 12, 23000, 1, 'data:image/png;base64,iVBORw0KGgoAAAANSUhEUgAAAUAAAAFACAIAAABC8jL9AAAACXBIWXMAAA7EAAAOxAGVKw4bAAAE+0lEQVR4nO3dsU4dMRRFUSbi/3+ZlClS4ES2LtuzVo0ewzy2XB35+fr6+gCafk0/APD/BAxhAoYwAUOYgCFMwBAmYAgTMIQJGMIEDGEChjABQ9jn4s89z3P0Oe6wvgw58T5P7FLWn3P2b7/P4vt0AkOYgCFMwBAmYAgTMIQJGMIEDGEChjABQ5iAIUzAECZgCBMwhK2ukdbdd1fL7HLozdsd/0vfcgJDmIAhTMAQJmAIEzCECRjCBAxhAoYwAUOYgCFMwBAmYAgTMITtXyOtm93ZzC5dZu8csvLZa/B9OoEhTMAQJmAIEzCECRjCBAxhAoYwAUOYgCFMwBAmYAgTMIQJGMIm10jsZbf0Qk5gCBMwhAkYwgQMYQKGMAFDmIAhTMAQJmAIEzCECRjCBAxhAoYwa6Sf7sStPzZG13ACQ5iAIUzAECZgCBMwhAkYwgQMYQKGMAFDmIAhTMAQJmAIEzCETa6R3ryJefPffsJr36cTGMIEDGEChjABQ5iAIUzAECZgCBMwhAkYwgQMYQKGMAFDmIAhbP8a6cRdPvdZf0vrO5vKZ67zv/QtJzCECRjCBAxhAoYwAUOYgCFMwBAmYAgTMIQJGMIEDGEChjABQ9jz2ktlKk4scnzp13ACQ5iAIUzAECZgCBMwhAkYwgQMYQKGMAFDmIAhTMAQJmAIEzCErd6NVLmlZvaGnso9Rie8+Ralwe/dCQxhAoYwAUOYgCFMwBAmYAgTMIQJGMIEDGEChjABQ5iAIUzAELb/bqT7djZvvkmo8uYrN0hZIwF/CBjCBAxhAoYwAUOYgCFMwBAmYAgTMIQJGMIEDGEChjABQ9jqGqlyP9A6O5up377uzd/7IicwhAkYwgQMYQKGMAFDmIAhTMAQJmAIEzCECRjCBAxhAoYwAUNY426k+377Cfe9z1mJb9MJDGEChjABQ5iAIUzAECZgCBMwhAkYwgQMYQKGMAFDmIAhTMAQ9rn9E+9b+czeC3VCZbM1u3BK7KucwBAmYAgTMIQJGMIEDGEChjABQ5iAIUzAECZgCBMwhAkYwgQMYfvXSCdYpfx8s/uqdZctsZzAECZgCBMwhAkYwgQMYQKGMAFDmIAhTMAQJmAIEzCECRjCBAxhz+LoobI1mWW3tOLE/1LlRq7tz+kEhjABQ5iAIUzAECZgCBMwhAkYwgQMYQKGMAFDmIAhTMAQJmAI23830n2LnNklVuUun3Vvfs7tnMAQJmAIEzCECRjCBAxhAoYwAUOYgCFMwBAmYAgTMIQJGMIEDGH710jrZlc+ia3Jx7885+wip/JtXnbLlxMYwgQMYQKGMAFDmIAhTMAQJmAIEzCECRjCBAxhAoYwAUOYgCFsco30ZpXtzuxnnrgXqvKci5zAECZgCBMwhAkYwgQMYQKGMAFDmIAhTMAQJmAIEzCECRjCBAxh1kj3qOxsTiyx7lt3LXICQ5iAIUzAECZgCBMwhAkYwgQMYQKGMAFDmIAhTMAQJmAIEzCETa6RBjccVzqxyJn9jmZ/++zCaZETGMIEDGEChjABQ5iAIUzAECZgCBMwhAkYwgQMYQKGMAFDmIAhbP8aKbHhCKlstmZvUbrvMxc5gSFMwBAmYAgTMIQJGMIEDGEChjABQ5iAIUzAECZgCBMwhAkYwp7K2AX4mxMYwgQMYQKGMAFDmIAhTMAQJmAIEzCECRjCBAxhAoYwAUPYb8VtBIUpyIzKAAAAAElFTkSuQmCC', 1, 10000, 6, 1, '2022-07-08 02:50:27', 1, 1, '2022-06-22 09:12:32', '2022-06-22 09:12:32'),
(12, 4, 4, 29, 23000, 1, 'data:image/png;base64,iVBORw0KGgoAAAANSUhEUgAAAUAAAAFACAIAAABC8jL9AAAACXBIWXMAAA7EAAAOxAGVKw4bAAAFD0lEQVR4nO3dwW0jMRQFQc9C+afsDcG0QeKjOVVnw5JGavD0wOf7+/sLaPo3/QaAvxMwhAkYwgQMYQKGMAFDmIAhTMAQJmAIEzCECRjCBAxhn8W/e57n6Pu4w4llyPqTX3/1E9/m7KvfZ/F5OoEhTMAQJmAIEzCECRjCBAxhAoYwAUOYgCFMwBAmYAgTMIQJGMJW10jr7rur5cR6prLImf02/ZZ+5ASGMAFDmIAhTMAQJmAIEzCECRjCBAxhAoYwAUOYgCFMwBAmYAjbv0ZaN7vIuW/psu7EPUazz/O1vyUnMIQJGMIEDGEChjABQ5iAIUzAECZgCBMwhAkYwgQMYQKGMAFD2OQa6c1O7IHWVTZG/MgJDGEChjABQ5iAIUzAECZgCBMwhAkYwgQMYQKGMAFDmIAhTMAQZo00Y3YPdN/dSK/lBIYwAUOYgCFMwBAmYAgTMIQJGMIEDGEChjABQ5iAIUzAECZgCJtcI9mvTDlx39Ks1/6WnMAQJmAIEzCECRjCBAxhAoYwAUOYgCFMwBAmYAgTMIQJGMIEDGH710j3LV0qTtxjNPtt+i39yAkMYQKGMAFDmIAhTMAQJmAIEzCECRjCBAxhAoYwAUOYgCFMwBD2vPZSmVn37Wz8kEY4gSFMwBAmYAgTMIQJGMIEDGEChjABQ5iAIUzAECZgCBMwhAkYwlbvRjqxnjlxQ8+JTUzls5949RNml1iXPXknMIQJGMIEDGEChjABQ5iAIUzAECZgCBMwhAkYwgQMYQKGMAFD2P67kWaXQ+tOvM/EfuXrxu9o3ewGbvv/dAJDmIAhTMAQJmAIEzCECRjCBAxhAoYwAUOYgCFMwBAmYAgTMIRNrpFOqCyH3rwHWnff89zOCQxhAoYwAUOYgCFMwBAmYAgTMIQJGMIEDGEChjABQ5iAIUzAEPZZ/Lv7bv1ZN7twmv1El213fiXxm3cCQ5iAIUzAECZgCBMwhAkYwgQMYQKGMAFDmIAhTMAQJmAIEzCEra6RTpi9z8a9OysSi5xDZtdyi6/uBIYwAUOYgCFMwBAmYAgTMIQJGMIEDGEChjABQ5iAIUzAECZgCHsq05DLnFg4zf7PE2bfZyINJzCECRjCBAxhAoYwAUOYgCFMwBAmYAgTMIQJGMIEDGEChjABQ9jqGml2lVJRWfmsu+8Gqcr7XOQEhjABQ5iAIUzAECZgCBMwhAkYwgQMYQKGMAFDmIAhTMAQJmAI+2z/j4kNx6/M3rszu56ZXU29+ckvcgJDmIAhTMAQJmAIEzCECRjCBAxhAoYwAUOYgCFMwBAmYAgTMITtXyOtm126vHk1deKzz/7Pympq+1NyAkOYgCFMwBAmYAgTMIQJGMIEDGEChjABQ5iAIUzAECZgCBMwhE2ukd7svhuPTnyi2fd5wvan5ASGMAFDmIAhTMAQJmAIEzCECRjCBAxhAoYwAUOYgCFMwBAmYAizRpoxuzG6716oyifavoVyAkOYgCFMwBAmYAgTMIQJGMIEDGEChjABQ5iAIUzAECZgCBMwhE2ukSoLkhPevByq3E60bvA7cgJDmIAhTMAQJmAIEzCECRjCBAxhAoYwAUOYgCFMwBAmYAgTMITtXyPNbk1Y4Tuasn235ASGMAFDmIAhTMAQJmAIEzCECRjCBAxhAoYwAUOYgCFMwBAmYAh77rt6B97DCQxhAoYwAUOYgCFMwBAmYAgTMIQJGMIEDGEChjABQ5iAIew/myf+hduzGQAAAAAASUVORK5CYII=', 1, 51000, 6, 1, '2022-07-08 02:50:27', 1, 1, '2022-06-26 23:14:32', '2022-06-26 23:14:32'),
(13, 14, 7, 6, 50000, 1, 'data:image/png;base64,iVBORw0KGgoAAAANSUhEUgAAAUAAAAFACAIAAABC8jL9AAAACXBIWXMAAA7EAAAOxAGVKw4bAAAE+UlEQVR4nO3dQW4bQQwAwWyQ/39Z+UAQT4Id0D1TdTZkaaUGTwSfz+fzA2j6Of0GgP8nYAgTMIQJGMIEDGEChjABQ5iAIUzAECZgCBMwhAkYwn4t/t3zPFvfxxnWN0N2PM8deynr73P2s59n8XmawBAmYAgTMIQJGMIEDGEChjABQ5iAIUzAECZgCBMwhAkYwgQMYavbSOvOu9Uyuzl08+6O39KXTGAIEzCECRjCBAxhAoYwAUOYgCFMwBAmYAgTMIQJGMIEDGEChrD3t5HWze7ZzG66zN4csuXzrsHnaQJDmIAhTMAQJmAIEzCECRjCBAxhAoYwAUOYgCFMwBAmYAgTMIRNbiPxLntLFzKBIUzAECZgCBMwhAkYwgQMYQKGMAFDmIAhTMAQJmAIEzCECRjCbCN9dzuu/tgxOoYJDGEChjABQ5iAIUzAECZgCBMwhAkYwgQMYQKGMAFDmIAhTMAQNrmNdPNOzM2ffYdrn6cJDGEChjABQ5iAIUzAECZgCBMwhAkYwgQMYQKGMAFDmIAhTMAQ9v420o5bPudZf0rrezaV11znt/QlExjCBAxhAoYwAUOYgCFMwBAmYAgTMIQJGMIEDGEChjABQ5iAIey59qhMxY6NHF/6MUxgCBMwhAkYwgQMYQKGMAFDmIAhTMAQJmAIEzCECRjCBAxhAoaw1dtIlSs1sxd6KneMdrj5itLg924CQ5iAIUzAECZgCBMwhAkYwgQMYQKGMAFDmIAhTMAQJmAIEzCENW4jVe4DVTZyKhtOsxJpmMAQJmAIEzCECRjCBAxhAoYwAUOYgCFMwBAmYAgTMIQJGMIEDGGrt5F2qNzymTW74bTuvLtQiZtYJjCECRjCBAxhAoYwAUOYgCFMwBAmYAgTMIQJGMIEDGEChjABQ9j720juGPF3O57n7C9kkAkMYQKGMAFDmIAhTMAQJmAIEzCECRjCBAxhAoYwAUOYgCFMwBA2eRvpvFs+O/77DrObWImbQ//0l+tef00TGMIEDGEChjABQ5iAIUzAECZgCBMwhAkYwgQMYQKGMAFDmIAh7HH4Z8R5l5kqn+iwTSwTGMIEDGEChjABQ5iAIUzAECZgCBMwhAkYwgQMYQKGMAFDmIAhbPU20o77QOeZvbtznspVqsENJxMYwgQMYQKGMAFDmIAhTMAQJmAIEzCECRjCBAxhAoYwAUOYgCFs9TZS5fLNDpXPft7G2PrzvPazm8AQJmAIEzCECRjCBAxhAoYwAUOYgCFMwBAmYAgTMIQJGMIEDGGrt5F2mN0gqWxN7diFunm/6rANJxMYwgQMYQKGMAFDmIAhTMAQJmAIEzCECRjCBAxhAoYwAUOYgCFschvpZjdvYs3uGM16/X2awBAmYAgTMIQJGMIEDGEChjABQ5iAIUzAECZgCBMwhAkYwgQMYbaRvrsdezazt5HsQr3IBIYwAUOYgCFMwBAmYAgTMIQJGMIEDGEChjABQ5iAIUzAECZgCJvcRqrcs5k1uzm047/Pvua6xO/TBIYwAUOYgCFMwBAmYAgTMIQJGMIEDGEChjABQ5iAIUzAECZgCHt/G2nHXsjNZjdy1s1uTa07bMPJBIYwAUOYgCFMwBAmYAgTMIQJGMIEDGEChjABQ5iAIUzAECZgCHsSB2CAPzKBIUzAECZgCBMwhAkYwgQMYQKGMAFDmIAhTMAQJmAIEzCE/Qa0XASC/S3/XQAAAABJRU5ErkJggg==', 1, 55000, 6, 1, '2022-07-08 02:50:27', 1, 1, '2022-06-26 23:46:03', '2022-06-26 23:46:03'),
(14, 1, 5, 3, 20000, 1, NULL, 1, 19700, 6, 2, '2022-07-08 02:50:27', 1, 1, '2022-06-27 06:15:05', '2022-06-27 06:15:05');

-- --------------------------------------------------------

--
-- Table structure for table `material_patterns`
--

CREATE TABLE `material_patterns` (
  `id` int(11) NOT NULL,
  `material_id` int(11) NOT NULL,
  `user_id_in` int(11) DEFAULT NULL,
  `user_id_out` int(11) DEFAULT NULL,
  `created_at` timestamp NOT NULL DEFAULT CURRENT_TIMESTAMP,
  `updated_at` timestamp NOT NULL DEFAULT CURRENT_TIMESTAMP
) ENGINE=InnoDB DEFAULT CHARSET=utf8;

--
-- Dumping data for table `material_patterns`
--

INSERT INTO `material_patterns` (`id`, `material_id`, `user_id_in`, `user_id_out`, `created_at`, `updated_at`) VALUES
(2, 3, 6, 6, '2022-06-27 01:36:05', '2022-06-27 02:17:19');

-- --------------------------------------------------------

--
-- Table structure for table `material_types`
--

CREATE TABLE `material_types` (
  `id` int(11) NOT NULL,
  `type` varchar(50) NOT NULL
) ENGINE=InnoDB DEFAULT CHARSET=utf8mb4;

--
-- Dumping data for table `material_types`
--

INSERT INTO `material_types` (`id`, `type`) VALUES
(1, 'BABYTERRY'),
(3, 'SHAKILLA'),
(4, 'SIGARETTE'),
(5, 'TOYOBO TOJIRO'),
(6, 'DONATELA'),
(14, 'RAYON');

-- --------------------------------------------------------

--
-- Table structure for table `material_vendors`
--

CREATE TABLE `material_vendors` (
  `id` int(11) NOT NULL,
  `vendor` varchar(50) NOT NULL,
  `harga` int(11) DEFAULT NULL
) ENGINE=InnoDB DEFAULT CHARSET=utf8;

--
-- Dumping data for table `material_vendors`
--

INSERT INTO `material_vendors` (`id`, `vendor`, `harga`) VALUES
(1, 'MATAHARI PO', 51000),
(2, 'MATAHARI NON PO', 53000),
(3, 'MATAHARI RAYON', 19500),
(4, 'MATAHARI TOYOBO', 18500),
(5, 'MATAHARI SHAKILA', 23000),
(6, 'ALIBABA', 55000),
(7, 'BMJ', 53000),
(8, 'KARUNIA ', 58500);

-- --------------------------------------------------------

--
-- Table structure for table `models`
--

CREATE TABLE `models` (
  `id` int(11) NOT NULL,
  `model_name` varchar(50) NOT NULL
) ENGINE=InnoDB DEFAULT CHARSET=utf8;

--
-- Dumping data for table `models`
--

INSERT INTO `models` (`id`, `model_name`) VALUES
(1, 'LUNA'),
(2, 'AMARA'),
(16, 'DIRA');

-- --------------------------------------------------------

--
-- Table structure for table `products`
--

CREATE TABLE `products` (
  `id` int(11) NOT NULL,
  `product_id` varchar(20) NOT NULL,
  `color_id` varchar(20) DEFAULT NULL,
  `weight` float DEFAULT NULL,
  `price` int(30) DEFAULT NULL,
  `qty` int(11) NOT NULL DEFAULT '1',
  `status` int(11) NOT NULL DEFAULT '1',
  `qrcode` text,
  `vendor_id` int(11) DEFAULT NULL,
  `model_id` int(11) NOT NULL,
  `user_id` int(11) NOT NULL,
  `created_at` datetime NOT NULL DEFAULT CURRENT_TIMESTAMP,
  `updated_at` datetime NOT NULL DEFAULT CURRENT_TIMESTAMP
) ENGINE=InnoDB DEFAULT CHARSET=utf8;

--
-- Dumping data for table `products`
--

INSERT INTO `products` (`id`, `product_id`, `color_id`, `weight`, `price`, `qty`, `status`, `qrcode`, `vendor_id`, `model_id`, `user_id`, `created_at`, `updated_at`) VALUES
(1, '3', '29', 400, NULL, 100, 1, 'data:image/png;base64,iVBORw0KGgoAAAANSUhEUgAAAUAAAAFACAIAAABC8jL9AAAACXBIWXMAAA7EAAAOxAGVKw4bAAAE6klEQVR4nO3dMW7cUAxAwSjw/a+8KdPZRKAP5kkztbHeFfTAiuD1+Xx+AU2/t78A8O8EDGEChjABQ5iAIUzAECZgCBMwhAkYwgQMYQKGMAFD2Nfw767rOvo9nmG+GXLieZ7YS5l/z93f/jzD52kCQ5iAIUzAECZgCBMwhAkYwgQMYQKGMAFDmIAhTMAQJmAIEzCETbeR5p53q6WyOfQ8z3tKt79LJjCECRjCBAxhAoYwAUOYgCFMwBAmYAgTMIQJGMIEDGEChjABQ9j920hzuzdydjdddm8O2fK51+LzNIEhTMAQJmAIEzCECRjCBAxhAoYwAUOYgCFMwBAmYAgTMIQJGMI2t5GYsLfEN0xgCBMwhAkYwgQMYQKGMAFDmIAhTMAQJmAIEzCECRjCBAxhAoYw20jPsXsfiBUmMIQJGMIEDGEChjABQ5iAIUzAECZgCBMwhAkYwgQMYQKGMAFD2OY20pvv7uz+9vneUuWK0mvfJRMYwgQMYQKGMAFDmIAhTMAQJmAIEzCECRjCBAxhAoYwAUOYgCHs/m0kF3omTmz57H7mCd6lH5nAECZgCBMwhAkYwgQMYQKGMAFDmIAhTMAQJmAIEzCECRjCBAxh12uPylRUNnK8SCtMYAgTMIQJGMIEDGEChjABQ5iAIUzAECZgCBMwhAkYwgQMYQKGsOltpDfvxLz5jtHuL5rbfT8Xn5IJDGEChjABQ5iAIUzAECZgCBMwhAkYwgQMYQKGMAFDmIAhTMAQNt1GevOWz+4+kB0jvmECQ5iAIUzAECZgCBMwhAkYwgQMYQKGMAFDmIAhTMAQJmAIEzCEPe020lxly+fEf6/YfZ5zi//dBIYwAUOYgCFMwBAmYAgTMIQJGMIEDGEChjABQ5iAIUzAECZgCLsSKyyVK0q7nzlX2fJJvJy7TGAIEzCECRjCBAxhAoYwAUOYgCFMwBAmYAgTMIQJGMIEDGEChrDpNtKJPZsKd4zu9bznuViHCQxhAoYwAUOYgCFMwBAmYAgTMIQJGMIEDGEChjABQ5iAIUzAENa4jfQ8u9tdlX2gN9+aGn6mCQxhAoYwAUOYgCFMwBAmYAgTMIQJGMIEDGEChjABQ5iAIUzAEHb/baQ3q2wOnfC8tbbEzpYJDGEChjABQ5iAIUzAECZgCBMwhAkYwgQMYQKGMAFDmIAhTMAQ9nX7J9pK2bK7C1W5YzR34nu6jQT8JWAIEzCECRjCBAxhAoYwAUOYgCFMwBAmYAgTMIQJGMIEDGH3byPNVXZNdu1+zzf/9xP7VbczgSFMwBAmYAgTMIQJGMIEDGEChjABQ5iAIUzAECZgCBMwhAkYwja3kd6scm9p7sQlocrG2OIvMoEhTMAQJmAIEzCECRjCBAxhAoYwAUOYgCFMwBAmYAgTMIQJGMJsI/3vTmzkVPaBTnzPym8fMoEhTMAQJmAIEzCECRjCBAxhAoYwAUOYgCFMwBAmYAgTMIQJGMI2t5ES2x4M7V57et6tqSETGMIEDGEChjABQ5iAIUzAECZgCBMwhAkYwgQMYQKGMAFDmIAh7P5tpNfuhRzy5ud54uLRCYv3lkxgCBMwhAkYwgQMYQKGMAFDmIAhTMAQJmAIEzCECRjCBAxhAoawy4Ei6DKBIUzAECZgCBMwhAkYwgQMYQKGMAFDmIAhTMAQJmAIEzCE/QFJt/KOwAK06gAAAABJRU5ErkJggg==', 1, 16, 6, '2022-06-29 11:30:03', '2022-06-29 11:30:03'),
(2, '3', '12', 350, NULL, 10, 1, 'data:image/png;base64,iVBORw0KGgoAAAANSUhEUgAAAUAAAAFACAIAAABC8jL9AAAACXBIWXMAAA7EAAAOxAGVKw4bAAAFEUlEQVR4nO3dQY7bMBBFwTjI/a/sHGE6gYjGo6rWQSx5/MDVBz/f7/cX0PR7+wGA/ydgCBMwhAkYwgQMYQKGMAFDmIAhTMAQJmAIEzCECRjC/gz/3efzOfocd5gvQ3a/zxPPWXn3iuH36QSGMAFDmIAhTMAQJmAIEzCECRjCBAxhAoYwAUOYgCFMwBAmYAibrpHm7rur5b7lUIXf0o+cwBAmYAgTMIQJGMIEDGEChjABQ5iAIUzAECZgCBMwhAkYwgQMYc+vkeYqK5+K3RuPdr32t+QEhjABQ5iAIUzAECZgCBMwhAkYwgQMYQKGMAFDmIAhTMAQJmAI21wjMXHfjUc8yAkMYQKGMAFDmIAhTMAQJmAIEzCECRjCBAxhAoYwAUOYgCFMwBBmjbRj986h+cLpvluULuMEhjABQ5iAIUzAECZgCBMwhAkYwgQMYQKGMAFDmIAhTMAQJmAI21wjvXm/cuLGo/n3Of+XlZuZXvtbcgJDmIAhTMAQJmAIEzCECRjCBAxhAoYwAUOYgCFMwBAmYAgTMIQ9v0aq7FcqTiyHKtsdv6UfOYEhTMAQJmAIEzCECRjCBAxhAoYwAUOYgCFMwBAmYAgTMIQJGMKma6TKfqXivtuJ5vyWHuQEhjABQ5iAIUzAECZgCBMwhAkYwgQMYQKGMAFDmIAhTMAQJmAIm66RTmxiTqxSdrc7uzubE5+++0YnbnuqrLuGb+QEhjABQ5iAIUzAECZgCBMwhAkYwgQMYQKGMAFDmIAhTMAQJmAIm66R5l67C/knlXef292rvXaF5gSGMAFDmIAhTMAQJmAIEzCECRjCBAxhAoYwAUOYgCFMwBAmYAh7fo10wu4q5cQNPfctnE78jd58N9KQExjCBAxhAoYwAUOYgCFMwBAmYAgTMIQJGMIEDGEChjABQ5iAIWy6Rjqx9li8UebQp+/eD7T7f94n8S05gSFMwBAmYAgTMIQJGMIEDGEChjABQ5iAIUzAECZgCBMwhAkYwj6Lk4v77vLZXTjtrmcqz3nC4rs7gSFMwBAmYAgTMIQJGMIEDGEChjABQ5iAIUzAECZgCBMwhAkYwqZ3I51QWaXctzGqLIcqzzn3+Bs5gSFMwBAmYAgTMIQJGMIEDGEChjABQ5iAIUzAECZgCBMwhAkYwqZrpN17jCrmm5jdm5lOfHrFiTda/D6dwBAmYAgTMIQJGMIEDGEChjABQ5iAIUzAECZgCBMwhAkYwgQMYc/fjVS5pWbuxH7lvpVPxWVLLCcwhAkYwgQMYQKGMAFDmIAhTMAQJmAIEzCECRjCBAxhAoYwAUPY82ukud21x5tXU5V3P/GcJ76lxW/eCQxhAoYwAUOYgCFMwBAmYAgTMIQJGMIEDGEChjABQ5iAIUzAELa5Rnqz3Rt67tstVd7o8ed0AkOYgCFMwBAmYAgTMIQJGMIEDGEChjABQ5iAIUzAECZgCBMwhFkjvdHurT+7d2LNJRZOTmAIEzCECRjCBAxhAoYwAUOYgCFMwBAmYAgTMIQJGMIEDGEChrDNNVLl3p0TTixyKhujy24n2v10JzCECRjCBAxhAoYwAUOYgCFMwBAmYAgTMIQJGMIEDGEChjABQ9jza6TKzTdMvPmvmXh3JzCECRjCBAxhAoYwAUOYgCFMwBAmYAgTMIQJGMIEDGEChjABQ9jnzRcUQZ0TGMIEDGEChjABQ5iAIUzAECZgCBMwhAkYwgQMYQKGMAFD2F87kfiFaUnqBQAAAABJRU5ErkJggg==', 1, 16, 6, '2022-06-29 12:05:30', '2022-06-29 12:05:30'),
(3, '1', '2', 350, NULL, 26, 1, 'data:image/png;base64,iVBORw0KGgoAAAANSUhEUgAAAUAAAAFACAIAAABC8jL9AAAACXBIWXMAAA7EAAAOxAGVKw4bAAAE/0lEQVR4nO3dS24bMRBAQU+Q+19ZWWZpwhii/ciqtSBpPg9cNfr5fD5fQNOf6T8A/JyAIUzAECZgCBMwhAkYwgQMYQKGMAFDmIAhTMAQJmAI+7v4ued5tv6PM6xPhuy4nzvmUtb/5+y1n2fxfjqBIUzAECZgCBMwhAkYwgQMYQKGMAFDmIAhTMAQJmAIEzCECRjCVqeR1p23q2V2cujm2R3v0recwBAmYAgTMIQJGMIEDGEChjABQ5iAIUzAECZgCBMwhAkYwgQMYe9PI62bnbOZnXSZ3Tlkyuddg/fTCQxhAoYwAUOYgCFMwBAmYAgTMIQJGMIEDGEChjABQ5iAIUzAEDY5jcS7zC1dyAkMYQKGMAFDmIAhTMAQJmAIEzCECRjCBAxhAoYwAUOYgCFMwBBmGum327H1x4zRMZzAECZgCBMwhAkYwgQMYQKGMAFDmIAhTMAQJmAIEzCECRjCBAxhk9NIN8/E3HztO1x7P53AECZgCBMwhAkYwgQMYQKGMAFDmIAhTMAQJmAIEzCECRjCBAxh708j7djlc571u7Q+Z1P5znXepW85gSFMwBAmYAgTMIQJGMIEDGEChjABQ5iAIUzAECZgCBMwhAkYwp5rl8pU7JjI8dCP4QSGMAFDmIAhTMAQJmAIEzCECRjCBAxhAoYwAUOYgCFMwBAmYAhb3Y1U2VIzu6Gnssdoh5u3KA0+dycwhAkYwgQMYQKGMAFDmIAhTMAQJmAIEzCECRjCBAxhAoYwAUPY5G6kypTPutk9RpX7OfuMDuMEhjABQ5iAIUzAECZgCBMwhAkYwgQMYQKGMAFDmIAhTMAQJmAIm9yNZOvPu78+q/KMdrAbCfgJAUOYgCFMwBAmYAgTMIQJGMIEDGEChjABQ5iAIUzAECZgCFudRtoxbzG7d6cyY1SZ2VpnM9OLnMAQJmAIEzCECRjCBAxhAoYwAUOYgCFMwBAmYAgTMIQJGMIEDGHP4shFZS6kMpFTcd6dn50xshsJ+E/AECZgCBMwhAkYwgQMYQKGMAFDmIAhTMAQJmAIEzCECRjC3t+NtK7ynTvsmN2pTA5V9hgltig5gSFMwBAmYAgTMIQJGMIEDGEChjABQ5iAIUzAECZgCBMwhAkYwt7fjXSzyixUxc1vnd1IcD4BQ5iAIUzAECZgCBMwhAkYwgQMYQKGMAFDmIAhTMAQJmAIW92NtO68iZzZmZjKFqXKcz/s2p3AECZgCBMwhAkYwgQMYQKGMAFDmIAhTMAQJmAIEzCECRjCBAxh708jrZud8rl5embHr6/bMeWz/p2JGaN1TmAIEzCECRjCBAxhAoYwAUOYgCFMwBAmYAgTMIQJGMIEDGEChrDJaaSbVfYtVTYJzc5sDV67ExjCBAxhAoYwAUOYgCFMwBAmYAgTMIQJGMIEDGEChjABQ5iAIcw00m+X2NDz1fmfOwxeuxMYwgQMYQKGMAFDmIAhTMAQJmAIEzCECRjCBAxhAoYwAUOYgCFschrp5vmVdTt2+cxuEprdt3TYW+cEhjABQ5iAIUzAECZgCBMwhAkYwgQMYQKGMAFDmIAhTMAQJmAIe38aacf8ys12TM/MPqPKr89OTS1yAkOYgCFMwBAmYAgTMIQJGMIEDGEChjABQ5iAIUzAECZgCBMwhD2HrYqBqziBIUzAECZgCBMwhAkYwgQMYQKGMAFDmIAhTMAQJmAIEzCE/QOAlg2RWKMEyQAAAABJRU5ErkJggg==', 1, 16, 6, '2022-06-29 12:11:51', '2022-06-29 12:11:51'),
(5, '3', '2', 500, NULL, 200, 1, NULL, NULL, 2, 6, '2022-06-30 22:47:51', '2022-06-30 22:47:51'),
(6, '3', '6', 300, NULL, 20, 1, 'data:image/png;base64,iVBORw0KGgoAAAANSUhEUgAAAUAAAAFACAIAAABC8jL9AAAACXBIWXMAAA7EAAAOxAGVKw4bAAAE6UlEQVR4nO3dQW4cMQwAwUzg/395/QNHCCTQrak6B97dyTR4Ivh8Pp8/QNPf6S8A/D8BQ5iAIUzAECZgCBMwhAkYwgQMYQKGMAFDmIAhTMAQ9rX4757nOfo97rC+GXLieZ7YS1n/nrO//T6Lz9MEhjABQ5iAIUzAECZgCBMwhAkYwgQMYQKGMAFDmIAhTMAQJmAIW91GWnffrZbK5tB97ntK298lExjCBAxhAoYwAUOYgCFMwBAmYAgTMIQJGMIEDGEChjABQ5iAIWz/NtK62Rs5s5suszeHbPnsNfg8TWAIEzCECRjCBAxhAoYwAUOYgCFMwBAmYAgTMIQJGMIEDGEChrDJbSRW2FviByYwhAkYwgQMYQKGMAFDmIAhTMAQJmAIEzCECRjCBAxhAoYwAUOYbaR7zN4HYoQJDGEChjABQ5iAIUzAECZgCBMwhAkYwgQMYQKGMAFDmIAhTMAQNrmN9Oa7O7O/fX1vqXJF6bXvkgkMYQKGMAFDmIAhTMAQJmAIEzCECRjCBAxhAoYwAUOYgCFMwBC2fxvJhZ4VJ7Z8Zv/mCd6lfzKBIUzAECZgCBMwhAkYwgQMYQKGMAFDmIAhTMAQJmAIEzCECRjCntcelamobOR4kUaYwBAmYAgTMIQJGMIEDGEChjABQ5iAIUzAECZgCBMwhAkYwgQMYau3kd68E/PmO0azv2jd7Ps5+JRMYAgTMIQJGMIEDGEChjABQ5iAIUzAECZgCBMwhAkYwgQMYQKGsP23ke7bSqlc/alsTa2r7MCdYBsJ7idgCBMwhAkYwgQMYQKGMAFDmIAhTMAQJmAIEzCECRjCBAxhq7eRTqhsDlXu7txn9i5UggkMYQKGMAFDmIAhTMAQJmAIEzCECRjCBAxhAoYwAUOYgCFMwBC2ehvpvm2Pyt7S7DaSTay9tt+aMoEhTMAQJmAIEzCECRjCBAxhAoYwAUOYgCFMwBAmYAgTMIQJGMImt5FmL9/c9+mV3Z37drYGmcAQJmAIEzCECRjCBAxhAoYwAUOYgCFMwBAmYAgTMIQJGMIEDGGr20jsNbtjVNkHOvGUKle+3EaC+wkYwgQMYQKGMAFDmIAhTMAQJmAIEzCECRjCBAxhAoYwAUPY5G2k+8yuds3+H9231pbY2TKBIUzAECZgCBMwhAkYwgQMYQKGMAFDmIAhTMAQJmAIEzCECRjCvrb/RVspv//TT1wSuu+OUeIpmcAQJmAIEzCECRjCBAxhAoYwAUOYgCFMwBAmYAgTMIQJGMIEDGH7t5HWVXZN3mz2KVVuTQ1+TxMYwgQMYQKGMAFDmIAhTMAQJmAIEzCECRjCBAxhAoYwAUOYgCFschvpzSoXj2Y/vbIxNviLTGAIEzCECRjCBAxhAoYwAUOYgCFMwBAmYAgTMIQJGMIEDGEChjDbSPzkvutEl+1CmcAQJmAIEzCECRjCBAxhAoYwAUOYgCFMwBAmYAgTMIQJGMIEDGGT20iJbY9xsxeP1r350weZwBAmYAgTMIQJGMIEDGEChjABQ5iAIUzAECZgCBMwhAkYwgQMYfu3kV67FzKusre0rvKLBu8tmcAQJmAIEzCECRjCBAxhAoYwAUOYgCFMwBAmYAgTMIQJGMIEDGGPA0XQZQJDmIAhTMAQJmAIEzCECRjCBAxhAoYwAUOYgCFMwBAmYAj7BvlR8oU8j/+4AAAAAElFTkSuQmCC', NULL, 16, 6, '2022-06-30 22:49:54', '2022-06-30 22:49:54'),
(7, '2', '29', 400, NULL, 1, 1, NULL, 2, 16, 6, '2022-06-30 22:50:40', '2022-06-30 22:50:40');

-- --------------------------------------------------------

--
-- Table structure for table `product_logs`
--

CREATE TABLE `product_logs` (
  `id` int(11) NOT NULL,
  `product_id` int(11) NOT NULL,
  `user_id_in` int(11) DEFAULT NULL,
  `user_id_out` int(11) DEFAULT NULL,
  `created_at` timestamp NOT NULL DEFAULT CURRENT_TIMESTAMP,
  `updated_at` timestamp NOT NULL DEFAULT CURRENT_TIMESTAMP
) ENGINE=InnoDB DEFAULT CHARSET=utf8;

--
-- Dumping data for table `product_logs`
--

INSERT INTO `product_logs` (`id`, `product_id`, `user_id_in`, `user_id_out`, `created_at`, `updated_at`) VALUES
(1, 1, 6, NULL, '2022-06-29 04:30:03', '2022-06-29 04:30:03'),
(2, 2, 6, NULL, '2022-06-29 05:05:30', '2022-06-29 05:05:30'),
(3, 3, 6, 11, '2022-06-29 05:11:51', '2022-07-06 07:21:52'),
(4, 4, 6, NULL, '2022-06-30 15:39:22', '2022-06-30 15:39:22'),
(5, 5, 6, NULL, '2022-06-30 15:47:51', '2022-06-30 15:47:51'),
(6, 6, 6, NULL, '2022-06-30 15:49:54', '2022-06-30 15:49:54'),
(7, 7, 6, NULL, '2022-06-30 15:50:40', '2022-06-30 15:50:40');

-- --------------------------------------------------------

--
-- Table structure for table `product_types`
--

CREATE TABLE `product_types` (
  `id` int(11) NOT NULL,
  `product_name` varchar(50) NOT NULL
) ENGINE=InnoDB DEFAULT CHARSET=utf8mb4;

--
-- Dumping data for table `product_types`
--

INSERT INTO `product_types` (`id`, `product_name`) VALUES
(1, 'TUNIK'),
(2, 'DRESS'),
(3, 'HOMEDRESS');

-- --------------------------------------------------------

--
-- Table structure for table `selling_vendors`
--

CREATE TABLE `selling_vendors` (
  `id` int(11) NOT NULL,
  `vendor` varchar(40) NOT NULL
) ENGINE=InnoDB DEFAULT CHARSET=utf8mb4;

--
-- Dumping data for table `selling_vendors`
--

INSERT INTO `selling_vendors` (`id`, `vendor`) VALUES
(1, 'LOVISH'),
(2, 'BASUNDARI');

-- --------------------------------------------------------

--
-- Table structure for table `shippings`
--

CREATE TABLE `shippings` (
  `id` int(11) NOT NULL,
  `box_name` text NOT NULL,
  `created_at` timestamp NOT NULL DEFAULT CURRENT_TIMESTAMP ON UPDATE CURRENT_TIMESTAMP,
  `updated_at` timestamp NOT NULL DEFAULT CURRENT_TIMESTAMP,
  `resi` varchar(50) DEFAULT NULL,
  `qrcode` text,
  `status` int(11) NOT NULL DEFAULT '1',
  `user_id` int(11) NOT NULL
) ENGINE=InnoDB DEFAULT CHARSET=utf8mb4;

--
-- Dumping data for table `shippings`
--

INSERT INTO `shippings` (`id`, `box_name`, `created_at`, `updated_at`, `resi`, `qrcode`, `status`, `user_id`) VALUES
(35, 'BOX-YWX7261', '2022-07-06 07:21:47', '2022-07-06 07:21:47', 'JD0125203265', NULL, 1, 11);

-- --------------------------------------------------------

--
-- Table structure for table `shipping_details`
--

CREATE TABLE `shipping_details` (
  `id` int(11) NOT NULL,
  `shipping_id` int(11) NOT NULL,
  `product_id` int(11) DEFAULT NULL
) ENGINE=InnoDB DEFAULT CHARSET=utf8mb4;

--
-- Dumping data for table `shipping_details`
--

INSERT INTO `shipping_details` (`id`, `shipping_id`, `product_id`) VALUES
(31, 35, 3);

-- --------------------------------------------------------

--
-- Table structure for table `supplier_vendors`
--

CREATE TABLE `supplier_vendors` (
  `id` int(11) NOT NULL,
  `vendor` varchar(50) NOT NULL
) ENGINE=InnoDB DEFAULT CHARSET=utf8mb4;

--
-- Dumping data for table `supplier_vendors`
--

INSERT INTO `supplier_vendors` (`id`, `vendor`) VALUES
(1, 'MATAHARI TEX'),
(2, 'SURYA TEX'),
(3, 'BMJ TEX'),
(4, 'ALIBABA TEX'),
(5, 'KARUNIA TEX'),
(6, 'DFASHION'),
(8, 'KEMAYORAN TEX');

-- --------------------------------------------------------

--
-- Table structure for table `tim_cutting`
--

CREATE TABLE `tim_cutting` (
  `id` int(11) NOT NULL,
  `name` varchar(50) NOT NULL
) ENGINE=InnoDB DEFAULT CHARSET=utf8;

--
-- Dumping data for table `tim_cutting`
--

INSERT INTO `tim_cutting` (`id`, `name`) VALUES
(1, 'NANA');

-- --------------------------------------------------------

--
-- Table structure for table `tim_gelar`
--

CREATE TABLE `tim_gelar` (
  `id` int(11) NOT NULL,
  `name` varchar(50) NOT NULL
) ENGINE=InnoDB DEFAULT CHARSET=utf8;

--
-- Dumping data for table `tim_gelar`
--

INSERT INTO `tim_gelar` (`id`, `name`) VALUES
(1, 'BUDI');

-- --------------------------------------------------------

--
-- Table structure for table `users`
--

CREATE TABLE `users` (
  `id` int(11) NOT NULL,
  `name` varchar(55) DEFAULT NULL,
  `username` varchar(55) NOT NULL,
  `password` text NOT NULL,
  `role` enum('administrator','gudang_1','gudang_2','') NOT NULL,
  `accessibility` text,
  `photo` text
) ENGINE=InnoDB DEFAULT CHARSET=utf8;

--
-- Dumping data for table `users`
--

INSERT INTO `users` (`id`, `name`, `username`, `password`, `role`, `accessibility`, `photo`) VALUES
(1, 'admin', 'admin', '$2y$10$PtOhVUMdrxXXMxa2ADilkOfTZopbEKMyv/UoS6nUi5A93dJ43/hbi', 'administrator', NULL, NULL),
(6, 'Lingga', '123', '$2y$10$XtqMCWbwjZ44Wi7GqOZl8.0XTljKBsAjTQl4HqoWqKiz6VZOEGouO', 'gudang_1', '[\"1\",\"2\",\"3\",\"7\",\"4\",\"5\",\"6\"]', NULL),
(7, '22332', '12323213', '$2y$10$CYpEL3.1kmVa4mvo9ZMX0OnHf4lJqzitFGEZ8QuDnhkPFbkwyWrgu', 'administrator', NULL, NULL),
(11, 'lovish', 'lovish', '$2y$10$GShNNckH7H4WMs2Z4hPIm.mJXpxsKc0Or/xlFzLHf16LuOBIOiYse', 'gudang_2', '[\"1\",\"2\",\"3\",\"4\",\"5\",\"6\"]', NULL);

--
-- Indexes for dumped tables
--

--
-- Indexes for table `colors`
--
ALTER TABLE `colors`
  ADD PRIMARY KEY (`id`),
  ADD UNIQUE KEY `color` (`color`);

--
-- Indexes for table `det_tim_gelar`
--
ALTER TABLE `det_tim_gelar`
  ADD PRIMARY KEY (`id`);

--
-- Indexes for table `gudang`
--
ALTER TABLE `gudang`
  ADD PRIMARY KEY (`id`);

--
-- Indexes for table `jahit_vendors`
--
ALTER TABLE `jahit_vendors`
  ADD PRIMARY KEY (`id`);

--
-- Indexes for table `log`
--
ALTER TABLE `log`
  ADD PRIMARY KEY (`id`);

--
-- Indexes for table `logs`
--
ALTER TABLE `logs`
  ADD PRIMARY KEY (`id`),
  ADD KEY `user_id` (`user_id`);

--
-- Indexes for table `materials`
--
ALTER TABLE `materials`
  ADD PRIMARY KEY (`id`);

--
-- Indexes for table `material_patterns`
--
ALTER TABLE `material_patterns`
  ADD PRIMARY KEY (`id`);

--
-- Indexes for table `material_types`
--
ALTER TABLE `material_types`
  ADD PRIMARY KEY (`id`);

--
-- Indexes for table `material_vendors`
--
ALTER TABLE `material_vendors`
  ADD PRIMARY KEY (`id`);

--
-- Indexes for table `models`
--
ALTER TABLE `models`
  ADD PRIMARY KEY (`id`);

--
-- Indexes for table `products`
--
ALTER TABLE `products`
  ADD PRIMARY KEY (`id`),
  ADD KEY `model_id` (`model_id`),
  ADD KEY `user_id` (`user_id`);

--
-- Indexes for table `product_logs`
--
ALTER TABLE `product_logs`
  ADD PRIMARY KEY (`id`);

--
-- Indexes for table `product_types`
--
ALTER TABLE `product_types`
  ADD PRIMARY KEY (`id`);

--
-- Indexes for table `selling_vendors`
--
ALTER TABLE `selling_vendors`
  ADD PRIMARY KEY (`id`);

--
-- Indexes for table `shippings`
--
ALTER TABLE `shippings`
  ADD PRIMARY KEY (`id`),
  ADD UNIQUE KEY `resi` (`resi`);

--
-- Indexes for table `shipping_details`
--
ALTER TABLE `shipping_details`
  ADD PRIMARY KEY (`id`);

--
-- Indexes for table `supplier_vendors`
--
ALTER TABLE `supplier_vendors`
  ADD PRIMARY KEY (`id`);

--
-- Indexes for table `tim_cutting`
--
ALTER TABLE `tim_cutting`
  ADD PRIMARY KEY (`id`);

--
-- Indexes for table `tim_gelar`
--
ALTER TABLE `tim_gelar`
  ADD PRIMARY KEY (`id`);

--
-- Indexes for table `users`
--
ALTER TABLE `users`
  ADD PRIMARY KEY (`id`);

--
-- AUTO_INCREMENT for dumped tables
--

--
-- AUTO_INCREMENT for table `colors`
--
ALTER TABLE `colors`
  MODIFY `id` int(11) NOT NULL AUTO_INCREMENT, AUTO_INCREMENT=30;

--
-- AUTO_INCREMENT for table `det_tim_gelar`
--
ALTER TABLE `det_tim_gelar`
  MODIFY `id` int(11) NOT NULL AUTO_INCREMENT, AUTO_INCREMENT=2;

--
-- AUTO_INCREMENT for table `gudang`
--
ALTER TABLE `gudang`
  MODIFY `id` int(11) NOT NULL AUTO_INCREMENT, AUTO_INCREMENT=3;

--
-- AUTO_INCREMENT for table `jahit_vendors`
--
ALTER TABLE `jahit_vendors`
  MODIFY `id` int(11) NOT NULL AUTO_INCREMENT, AUTO_INCREMENT=9;

--
-- AUTO_INCREMENT for table `log`
--
ALTER TABLE `log`
  MODIFY `id` int(11) NOT NULL AUTO_INCREMENT;

--
-- AUTO_INCREMENT for table `logs`
--
ALTER TABLE `logs`
  MODIFY `id` int(11) NOT NULL AUTO_INCREMENT, AUTO_INCREMENT=59;

--
-- AUTO_INCREMENT for table `materials`
--
ALTER TABLE `materials`
  MODIFY `id` int(11) NOT NULL AUTO_INCREMENT, AUTO_INCREMENT=23;

--
-- AUTO_INCREMENT for table `material_patterns`
--
ALTER TABLE `material_patterns`
  MODIFY `id` int(11) NOT NULL AUTO_INCREMENT, AUTO_INCREMENT=3;

--
-- AUTO_INCREMENT for table `material_types`
--
ALTER TABLE `material_types`
  MODIFY `id` int(11) NOT NULL AUTO_INCREMENT, AUTO_INCREMENT=15;

--
-- AUTO_INCREMENT for table `material_vendors`
--
ALTER TABLE `material_vendors`
  MODIFY `id` int(11) NOT NULL AUTO_INCREMENT, AUTO_INCREMENT=9;

--
-- AUTO_INCREMENT for table `models`
--
ALTER TABLE `models`
  MODIFY `id` int(11) NOT NULL AUTO_INCREMENT, AUTO_INCREMENT=17;

--
-- AUTO_INCREMENT for table `products`
--
ALTER TABLE `products`
  MODIFY `id` int(11) NOT NULL AUTO_INCREMENT, AUTO_INCREMENT=8;

--
-- AUTO_INCREMENT for table `product_logs`
--
ALTER TABLE `product_logs`
  MODIFY `id` int(11) NOT NULL AUTO_INCREMENT, AUTO_INCREMENT=8;

--
-- AUTO_INCREMENT for table `product_types`
--
ALTER TABLE `product_types`
  MODIFY `id` int(11) NOT NULL AUTO_INCREMENT, AUTO_INCREMENT=4;

--
-- AUTO_INCREMENT for table `selling_vendors`
--
ALTER TABLE `selling_vendors`
  MODIFY `id` int(11) NOT NULL AUTO_INCREMENT, AUTO_INCREMENT=3;

--
-- AUTO_INCREMENT for table `shippings`
--
ALTER TABLE `shippings`
  MODIFY `id` int(11) NOT NULL AUTO_INCREMENT, AUTO_INCREMENT=36;

--
-- AUTO_INCREMENT for table `shipping_details`
--
ALTER TABLE `shipping_details`
  MODIFY `id` int(11) NOT NULL AUTO_INCREMENT, AUTO_INCREMENT=32;

--
-- AUTO_INCREMENT for table `supplier_vendors`
--
ALTER TABLE `supplier_vendors`
  MODIFY `id` int(11) NOT NULL AUTO_INCREMENT, AUTO_INCREMENT=9;

--
-- AUTO_INCREMENT for table `tim_cutting`
--
ALTER TABLE `tim_cutting`
  MODIFY `id` int(11) NOT NULL AUTO_INCREMENT, AUTO_INCREMENT=2;

--
-- AUTO_INCREMENT for table `tim_gelar`
--
ALTER TABLE `tim_gelar`
  MODIFY `id` int(11) NOT NULL AUTO_INCREMENT, AUTO_INCREMENT=2;

--
-- AUTO_INCREMENT for table `users`
--
ALTER TABLE `users`
  MODIFY `id` int(11) NOT NULL AUTO_INCREMENT, AUTO_INCREMENT=12;

--
-- Constraints for dumped tables
--

--
-- Constraints for table `products`
--
ALTER TABLE `products`
  ADD CONSTRAINT `products_ibfk_1` FOREIGN KEY (`model_id`) REFERENCES `models` (`id`) ON DELETE NO ACTION ON UPDATE NO ACTION;
COMMIT;

/*!40101 SET CHARACTER_SET_CLIENT=@OLD_CHARACTER_SET_CLIENT */;
/*!40101 SET CHARACTER_SET_RESULTS=@OLD_CHARACTER_SET_RESULTS */;
/*!40101 SET COLLATION_CONNECTION=@OLD_COLLATION_CONNECTION */;
